country,code,year,internet_use,odr,rd,schooling,gdppc,log_gdp_pc,log_internet_use,fertility
Argentina,ARG,2002,10.8821,15.660251,0.38886,9.395,18571.701,9.829394249505585,2.387119237508737,2.493
Argentina,ARG,2003,11.9137,15.697126,0.41013,9.92,20005.139,9.90374446953013,2.4776889984294996,2.451
Argentina,ARG,2004,16.0367,15.728183,0.40376,10.01,21591.45,9.980052681976227,2.774879845611036,2.43
Argentina,ARG,2005,17.7206,15.785692,0.42074,10.099999,23262.408,10.05459394607971,2.874727804648843,2.426
Argentina,ARG,2006,20.9272,15.861772,0.45216,10.19,24877.25,10.121709010197542,3.0410497482444505,2.4
Argentina,ARG,2007,25.9466,15.92414,0.46007,10.299999,26850.664,10.198045829612608,3.2560405798332663,2.37
Argentina,ARG,2008,28.1126,16.001131,0.47055,10.41,27658.484,10.227687795329151,3.336217874415613,2.432
Argentina,ARG,2009,34.0,16.126095,0.58398,10.54,25747.197,10.156081045797883,3.5263605246161616,2.4
Argentina,ARG,2010,45.0,16.261354,0.56104,10.6,28056.258,10.241966987671658,3.80666248977032,2.411
Argentina,ARG,2011,51.0,16.419804,0.56597,10.7,29425.76,10.28962576017216,3.9318256327243257,2.393
Argentina,ARG,2012,55.8,16.602554,0.63491,10.79,28825.967,10.26903189184256,4.021773869387265,2.304
Argentina,ARG,2013,59.9,16.786158,0.61849,10.89,29227.66,10.282870800162458,4.092676505121403,2.335
Argentina,ARG,2014,64.7,16.980867,0.59396,10.91,28200.814,10.247106121757838,4.169761201506855,2.386
Argentina,ARG,2015,68.0431,17.196882,0.62262,10.92,28669.207,10.263578898920414,4.220141327924221,2.35
Argentina,ARG,2016,70.969,17.409235,0.55815,10.93,27802.105,10.232867016236618,4.262243161976862,2.241
Argentina,ARG,2017,74.2949,17.615713,0.55631,11.015,28334.904,10.251849680561982,4.308042308721807,2.168
Argentina,ARG,2018,77.7,17.844986,0.4883,11.1,27367.115,10.217097389098631,4.3528552573736015,2.067
Argentina,ARG,2019,79.947,18.07671,0.47813,11.12,26629.553,10.189776893086924,4.381363915123783,1.882
Argentina,ARG,2020,85.5144,18.258383,0.54126,11.14,23877.094,10.080674868309195,4.448684782814113,1.601
Armenia,ARM,2002,1.96041,15.114688,0.25255,10.559999,5731.3535,8.653706994729392,0.6731536350400413,1.405
Armenia,ARM,2003,4.57522,15.64326,0.32109,10.63,6569.2603,8.79015651762118,1.5206547850030152,1.473
Armenia,ARM,2004,4.89901,16.102198,0.25659,10.7,7299.4,8.89554743197773,1.5890331438872591,1.491
Armenia,ARM,2005,5.25298,16.430729,0.25761,10.7699995,8362.9,9.03156053587849,1.6587955346163945,1.492
Armenia,ARM,2006,5.63179,16.556114,0.24057,10.84,9525.231,9.161699451669332,1.728427331228748,1.494
Armenia,ARM,2007,6.02125,16.416548,0.21107,10.91,10898.849,9.296412466311274,1.7952948789622936,1.519
Armenia,ARM,2008,6.21,16.061335,0.22438,10.98,11727.482,9.36969025534746,1.8261608959453872,1.541
Armenia,ARM,2009,15.3,15.6377325,0.29093,11.049999,10143.235,9.224562259795372,2.72785282839839,1.574
Armenia,ARM,2010,25.0,15.325031,0.24139,11.12,10438.564,9.25326230408333,3.218875824868201,1.588
Armenia,ARM,2011,32.0,15.204546,0.27014,11.19,10990.177,9.304757152818476,3.4657359027997265,1.615
Armenia,ARM,2012,37.5,15.252571,0.23853,11.285,11796.274,9.37553899787835,3.624340932976365,1.647
Armenia,ARM,2013,41.9,15.374029,0.22216,11.38,12194.019,9.408700864609896,3.735285826928092,1.669
Armenia,ARM,2014,54.6228,15.5394745,0.24151,11.474999,12667.376,9.446785148472472,4.0004513780051685,1.663
Armenia,ARM,2015,59.1008,15.837601,0.25002,11.57,13112.76,9.48134108091598,4.079244460699456,1.621
Armenia,ARM,2016,64.346,16.25891,0.23305,11.68974,13192.994,9.487441210097044,4.164274772047959,1.625
Armenia,ARM,2017,64.7449,16.759972,0.22788,11.19,14243.875,9.564082268734335,4.1704549329987985,1.561
Armenia,ARM,2018,68.2451,17.262,0.18876,11.236667,15037.045,9.61827210213605,4.223105636615899,1.567
Armenia,ARM,2019,66.5439,17.801428,0.17854,11.283333,16215.36,9.69371422016009,4.197861880234339,1.601
Armenia,ARM,2020,76.5077,18.286852,0.2092,11.33,15052.936,9.619328334207276,4.337391389362028,1.619
Austria,AUT,2002,36.56,22.752909,2.06598,11.287857,54565.08,10.907149396687414,3.5989547465859495,1.389
Austria,AUT,2003,42.7,22.713715,2.17456,11.3785715,54919.79,10.91362903613097,3.754198920234579,1.373
Austria,AUT,2004,54.28,23.113382,2.16612,11.469286,55980.23,10.932753871671222,3.994155834966669,1.415
Austria,AUT,2005,58.0,23.909576,2.37324,11.56,56890.28,10.948879779511453,4.060443010546419,1.406
Austria,AUT,2006,63.6,24.677717,2.35923,11.545,58460.24,10.976102144028005,4.152613470346076,1.404
Austria,AUT,2007,69.37,25.223736,2.41843,11.53,60470.91,11.009917701938548,4.23945449739721,1.381
Austria,AUT,2008,72.87,25.597082,2.56945,11.47,61157.99,11.021215794885547,4.288677031682191,1.411
Austria,AUT,2009,73.45,25.974312,2.59674,11.67,58810.44,10.98207466914681,4.296604902619887,1.393
Austria,AUT,2010,75.17,26.135977,2.7261,11.71,59730.55,10.997598893787089,4.319752215189378,1.44
Austria,AUT,2011,78.74,26.210209,2.66868,11.71,61272.258,11.023082458313036,4.366151285515591,1.43
Austria,AUT,2012,80.03,26.547684,2.91472,11.75,61376.723,11.024785938022529,4.382401564378955,1.44
Austria,AUT,2013,80.6188,26.969772,2.95492,11.79,60863.055,11.016381619364967,4.389731872934234,1.436
Austria,AUT,2014,80.9958,27.295645,3.08429,12.01,60845.66,11.016095772946846,4.394397301476233,1.464
Austria,AUT,2015,83.9401,27.436342,3.04969,12.08,60951.688,11.017836829357751,4.430103449231874,1.492
Austria,AUT,2016,84.3237,27.537218,3.11655,12.11,61572.71,11.02797403187897,4.434662964285741,1.531
Austria,AUT,2017,87.9356,27.769827,3.05656,12.16,62535.9,11.043496070819955,4.476604728386747,1.521
Austria,AUT,2018,87.4791,28.06836,3.09182,12.21,63778.027,11.063164005623356,4.471399907689801,1.479
Austria,AUT,2019,87.7522,28.405727,3.13265,12.26,64609.375,11.076114803080255,4.474516933256768,1.464
Austria,AUT,2020,87.5294,28.831335,3.20278,12.310628,60276.414,11.006696161919791,4.4719747369282095,1.439
Belgium,BEL,2002,46.33,25.883877,1.90325,10.735822,51471.85,10.84879033526878,3.835789699428557,1.645
Belgium,BEL,2003,49.97,26.014877,1.84119,10.832969,51788.844,10.854930038257448,3.9114228253561136,1.665
Belgium,BEL,2004,53.86,26.170734,1.8205,10.930116,53406.69,10.885691298000166,3.9863880873834527,1.719
Belgium,BEL,2005,55.82,26.215378,1.79061,11.027264,54346.895,10.90314276120258,4.022132228108176,1.754
Belgium,BEL,2006,61.9819,26.057182,1.82269,11.05,55367.62,10.921750225328086,4.126842406939762,1.794
Belgium,BEL,2007,66.7604,25.866674,1.84999,11.115001,56983.46,10.950516329269051,4.201110090387428,1.813
Belgium,BEL,2008,68.8573,25.825718,1.93684,11.18,56787.74,10.94707573634092,4.232036247150359,1.846
Belgium,BEL,2009,74.5441,25.88472,1.9986,11.32,55258.707,10.919781199723746,4.311390896563132,1.835
Belgium,BEL,2010,77.6398,25.937328,2.06188,11.42,56240.203,10.937387136008615,4.352080182305735,1.849
Belgium,BEL,2011,81.61,26.207418,2.17332,11.47,56585.3,10.943504513144404,4.401951803481151,1.805
Belgium,BEL,2012,80.72,26.667126,2.28114,11.5,56356.824,10.93945861240207,4.390986376045354,1.784
Belgium,BEL,2013,82.1702,27.11712,2.33073,11.54,56263.176,10.93779553263676,4.408792705918472,1.748
Belgium,BEL,2014,85.0012,27.592287,2.37002,11.64,57002.91,10.950857598145124,4.442665374037722,1.733
Belgium,BEL,2015,85.0529,27.986889,2.42817,11.89,57509.023,10.959697136213643,4.443273415850214,1.69
Belgium,BEL,2016,86.5165,28.366632,2.52338,11.99,57901.496,10.966498500878425,4.460335147192176,1.675
Belgium,BEL,2017,87.6797,28.818588,2.66666,12.24,58529.332,10.977283309269517,4.473690401661005,1.641
Belgium,BEL,2018,88.6473,29.25665,2.86018,12.309999,59357.69,10.99133696198971,4.484665575203605,1.616
Belgium,BEL,2019,90.2754,29.676115,3.1566,12.38,60479.977,11.010067630562338,4.502864998059271,1.609
Belgium,BEL,2020,91.5264,30.023865,3.39175,12.533869,57333.543,10.956641124097535,4.516627455256424,1.575
Brazil,BRA,2002,9.14943,8.148427,1.00968,5.626089,14265.905,9.565627703626127,2.2136915822650436,2.081
Brazil,BRA,2003,13.2076,8.28018,0.99939,5.803045,14259.366,9.56516923295186,2.5807924214832827,2.006
Brazil,BRA,2004,19.0737,8.433473,0.96343,5.98,14911.261,9.60987197829393,2.948310422816611,1.973
Brazil,BRA,2005,21.0227,8.603754,1.00246,6.15,15221.014,9.630432252061125,3.045602806296025,1.942
Brazil,BRA,2006,28.1784,8.790338,0.98807,6.32,15657.4795,9.658704005122006,3.3385557270019746,1.896
Brazil,BRA,2007,30.88,8.995364,1.08138,6.5,16440.584,9.707508191093597,3.4301087251565754,1.854
Brazil,BRA,2008,33.83,9.21638,1.12904,6.67,17113.367,9.747615133032063,3.521347982792617,1.815
Brazil,BRA,2009,39.22,9.455102,1.11866,6.77,16939.441,9.73739996884221,3.6691868207682,1.799
Brazil,BRA,2010,40.65,9.712189,1.15992,6.88,18062.158,9.801574310419475,3.70499883599382,1.786
Brazil,BRA,2011,45.69,9.987028,1.13966,7.01,18627.81,9.832410904350873,3.82187945557518,1.777
Brazil,BRA,2012,48.56,10.28778,1.12684,7.22,18832.219,9.843324458574326,3.8828001467512423,1.766
Brazil,BRA,2013,51.04,10.622589,1.19567,7.29,19241.506,9.864824995584687,3.9326096390365346,1.761
Brazil,BRA,2014,54.551,11.003381,1.26971,7.38,19183.172,9.86178871536836,3.9991360439167374,1.775
Brazil,BRA,2015,58.328,11.421241,1.37093,7.51,18357.068,9.817769956432771,4.066082252504129,1.777
Brazil,BRA,2016,60.8725,11.855821,1.28637,7.73,17620.928,9.776842565526673,4.108781512797643,1.727
Brazil,BRA,2017,67.4713,12.312962,1.1175,7.85,17724.48,9.782702013875488,4.211702322276448,1.74
Brazil,BRA,2018,70.4343,12.799934,1.16769,7.98,17917.75,9.793547120610135,4.254680360421954,1.744
Brazil,BRA,2019,73.9124,13.304682,1.21096,8.125778,18018.621,9.799161002151928,4.302880608194909,1.705
Brazil,BRA,2020,81.3427,13.776498,1.14526,8.274219,17327.516,9.760051037179393,4.3986710939286615,1.653
Bulgaria,BGR,2002,9.08,24.902113,0.46473,10.116,14397.061,9.574779367511198,2.206074192613202,1.224
Bulgaria,BGR,2003,12.04,24.984062,0.47222,10.192,15271.547,9.633746702838886,2.488234439880675,1.254
Bulgaria,BGR,2004,18.13,25.038193,0.47086,10.268,16389.027,9.704367304508928,2.8975680247667595,1.317
Bulgaria,BGR,2005,19.97,25.12612,0.44269,10.344,17678.107,9.780082260323471,2.994231147427724,1.358
Bulgaria,BGR,2006,27.09,25.254244,0.44216,10.42,19024.623,9.853489366502007,3.2991646560970036,1.431
Bulgaria,BGR,2007,33.64,25.437561,0.43003,10.54,20440.338,9.925265580384442,3.5157158351047473,1.481
Bulgaria,BGR,2008,39.67,25.708519,0.44731,10.59,21846.045,9.991775177275027,3.6805952345262383,1.552
Bulgaria,BGR,2009,45.0,26.05655,0.49338,10.64,21251.305,9.964173584231643,3.80666248977032,1.642
Bulgaria,BGR,2010,46.23,26.528156,0.56299,10.72,21724.377,9.986190273082594,3.833628938000134,1.567
Bulgaria,BGR,2011,47.98,27.242834,0.5295,10.78,22321.125,10.013288818450851,3.870784257411549,1.505
Bulgaria,BGR,2012,51.9,28.071342,0.60039,10.9,22618.904,10.026541295799513,3.949318790171843,1.5
Bulgaria,BGR,2013,53.0615,28.892996,0.63424,11.01,22954.492,10.041268926183598,3.971451618193159,1.482
Bulgaria,BGR,2014,55.4904,29.768232,0.79007,11.05,23455.58,10.062863698659765,4.016210032817866,1.53
Bulgaria,BGR,2015,56.6563,30.669558,0.94947,11.19,24562.75,10.108986346676868,4.037003190469903,1.528
Bulgaria,BGR,2016,59.8255,31.457138,0.77009,11.23,25636.852,10.151786126585828,4.091431991469499,1.541
Bulgaria,BGR,2017,63.4101,32.123592,0.74037,11.24,26691.87,10.19211430363849,4.149623154749019,1.557
Bulgaria,BGR,2018,64.782,32.804527,0.75413,11.296666,27691.01,10.228863090761628,4.171027786993058,1.558
Bulgaria,BGR,2019,67.947,33.48661,0.83274,11.353333,29150.043,10.280211666906196,4.218727989512133,1.58
Bulgaria,BGR,2020,70.1625,33.942352,0.84967,11.41,28521.324,10.258407297013104,4.250813980268318,1.557
Canada,CAN,2002,61.5933,18.486765,1.97171,12.792,49695.008,10.813659764384084,4.120553098390232,1.513
Canada,CAN,2003,64.2,18.578287,1.96781,12.924,50139.785,10.822570083709474,4.162003210695915,1.535
Canada,CAN,2004,65.956,18.688955,1.99734,13.056,51210.68,10.843703383024948,4.1889878530387215,1.545
Canada,CAN,2005,71.66,18.82275,1.97127,13.188,52356.56,10.865832518858689,4.271932711876808,1.566
Canada,CAN,2006,72.4,19.020521,1.94304,13.32,53195.78,10.881734348875206,4.282206299391671,1.612
Canada,CAN,2007,73.2,19.283382,1.90358,13.368,53761.863,10.892319628614452,4.293195420967266,1.656
Canada,CAN,2008,76.7,19.590803,1.85578,13.416,53711.68,10.89138576150174,4.33990170837321,1.684
Canada,CAN,2009,80.3,19.934359,1.91742,13.464,51552.42,10.850354433057108,4.385769620952716,1.675
Canada,CAN,2010,80.3,20.328604,1.82504,13.512,52558.44,10.869680972352723,4.385769620952716,1.642
Canada,CAN,2011,83.0,20.842978,1.78714,13.56,53681.13,10.890816822094642,4.418840607796598,1.627
Canada,CAN,2012,83.0,21.498909,1.77304,13.594,54034.805,10.897383654958665,4.418840607796598,1.627
Canada,CAN,2013,85.8,22.203104,1.70624,13.628,54712.18,10.909841632727192,4.4520190064939165,1.612
Canada,CAN,2014,87.12,22.898956,1.71483,13.662,55723.484,10.92815695285933,4.467286478624705,1.614
Canada,CAN,2015,90.0,23.596266,1.69359,13.696,55660.867,10.92703261167434,4.499809670330265,1.601
Canada,CAN,2016,91.16,24.283844,1.72903,13.73,55606.156,10.92604919353419,4.512616204377483,1.59
Canada,CAN,2017,92.7014,24.950378,1.68702,13.757999,56612.33,10.94398208498957,4.52938357493889,1.548
Canada,CAN,2018,94.64,25.611784,1.7372,13.785999,57337.492,10.956709999380674,4.550080219670131,1.51
Canada,CAN,2019,91.9129,26.33071,1.75578,13.814,57583.848,10.96099739069321,4.520841389478055,1.476
Canada,CAN,2020,92.3,27.151901,1.93414,13.842,54092.88,10.898457848040376,4.525044141508807,1.413
China,CHN,2002,4.5957,10.623163,1.05786,6.308,4744.3984,8.46471991691537,1.525121083704623,1.566
China,CHN,2003,6.2,10.76924,1.12037,6.402,5192.006,8.554875414007295,1.824549292051046,1.57
China,CHN,2004,7.3,10.885056,1.21498,6.496,5684.169,8.645440221357674,1.9878743481543455,1.605
China,CHN,2005,8.52326,10.985074,1.30792,6.5899997,6298.323,8.74803868646846,2.142798896765356,1.624
China,CHN,2006,10.5232,11.13031,1.36854,6.684,7057.1,8.861789481227767,2.3535823435649497,1.644
China,CHN,2007,16.0,11.308461,1.37369,6.778,8013.716,8.988909852584621,2.772588722239781,1.666
China,CHN,2008,22.6,11.479623,1.44592,6.8719997,8743.745,9.0760938665766,3.1179499062782403,1.701
China,CHN,2009,28.9,11.663236,1.6648,6.966,9518.433,9.16098551339687,3.3638415951183864,1.714
China,CHN,2010,34.3,11.885901,1.71372,7.06,10476.3125,9.256872035270517,3.535145354171894,1.687
China,CHN,2011,38.3,12.16809,1.78034,7.154565,11405.018,9.341808712972394,3.6454498961866,1.668
China,CHN,2012,42.3001,12.515826,1.91214,7.2491302,12217.8545,9.41065364447945,3.744789450115632,1.798
China,CHN,2013,45.8,12.932433,1.99786,7.343695,13080.829,9.478903002207703,3.824284091120139,1.714
China,CHN,2014,47.9,13.422467,2.02243,7.43826,13968.581,9.544565872288787,3.8691155044168695,1.769
China,CHN,2015,50.3,14.033434,2.05701,7.532825,14856.78,9.606211605693025,3.918005077105694,1.67
China,CHN,2016,53.2,14.731024,2.10033,7.62739,15772.765,9.666039997498656,3.9740583963475986,1.772
China,CHN,2017,54.3,15.536675,2.11603,7.7219553,16757.973,9.72662942400115,3.9945242269398897,1.795
China,CHN,2018,59.2,16.41245,2.14058,7.81652,17806.791,9.78733518037506,4.0809215418899605,1.539
China,CHN,2019,64.0809,17.291328,2.24463,7.8832603,18820.514,9.842702724137304,4.160146347605295,1.496
China,CHN,2020,70.0528,18.217321,2.40666,7.95,19215.154,9.863454517538775,4.249249243433144,1.236
Colombia,COL,2002,4.6,7.392157,0.15559,6.966364,10925.148,9.298822566782787,1.5260563034950492,2.489
Colombia,COL,2003,7.38892,7.4872613,0.17398,7.018182,11183.291,9.32217606832962,1.9999815808430408,2.45
Colombia,COL,2004,9.11869,7.5951457,0.16964,7.07,11607.938,9.359444453405722,2.2103261534181,2.384
Colombia,COL,2005,11.0073,7.716467,0.16557,7.28,11999.255,9.392599843509554,2.3985586890527717,2.309
Colombia,COL,2006,15.3417,7.8685093,0.16427,6.8,12636.625,9.444354622553796,2.730574611180882,2.241
Colombia,COL,2007,21.8,8.054918,0.18307,7.19,13318.304,9.49689460866024,3.0819099697950434,2.195
Colombia,COL,2008,25.6,8.271696,0.19541,7.32,13591.061,9.517167576209568,3.242592351485517,2.155
Colombia,COL,2009,30.0,8.508047,0.19351,7.25,13586.752,9.51685047931615,3.4011973816621555,2.096
Colombia,COL,2010,36.5,8.754584,0.19358,7.39,14037.064,9.549456538902716,3.597312260588446,2.01
Colombia,COL,2011,40.3509,9.026164,0.19842,7.52,14852.37,9.605914727456362,3.6976136992999225,1.938
Colombia,COL,2012,48.98,9.327792,0.22116,7.63,15279.479,9.634265965280562,3.891412051524022,1.899
Colombia,COL,2013,51.7,9.648875,0.25761,7.83,15912.247,9.674844343289148,3.945457781514384,1.86
Colombia,COL,2014,52.5681,10.005731,0.30317,7.99,16480.363,9.709924829919908,3.9621094718917336,1.822
Colombia,COL,2015,55.905,10.388644,0.36542,8.05,16821.38,9.730405975345722,4.023653821599331,1.771
Colombia,COL,2016,58.1365,10.750945,0.27051,8.22,17003.244,9.741159428363272,4.062793693800263,1.719
Colombia,COL,2017,62.2599,11.079108,0.26109,8.360001,16986.033,9.740146697114472,4.131317558844488,1.717
Colombia,COL,2018,64.1264,11.397068,0.31233,8.5,17104.13,9.747075233797217,4.160856135611286,1.715
Colombia,COL,2019,65.0069,11.747709,0.32201,8.64,17336.771,9.760585016154348,4.17449341810787,1.71
Colombia,COL,2020,69.7953,12.10842,0.2894,8.86,15861.5,9.671650068270258,4.245566672257654,1.694
Croatia,HRV,2002,17.76,24.932577,0.94087,10.051001,24137.115,10.091505976324736,2.876948737564024,1.428
Croatia,HRV,2003,22.75,25.426342,0.94069,10.172,25473.906,10.145409913105995,3.1245651453969594,1.412
Croatia,HRV,2004,30.91,25.830545,1.02002,10.293,26528.887,10.185989493745158,3.431079756144025,1.419
Croatia,HRV,2005,33.14,26.197708,0.84776,10.4140005,27641.207,10.227062945524398,3.500741011998417,1.506
Croatia,HRV,2006,37.98,26.466389,0.73211,10.535,29035.53,10.276275531471134,3.63705970538414,1.469
Croatia,HRV,2007,41.44,26.711199,0.78299,10.656,30508.28,10.325753401162558,3.724246597951227,1.487
Croatia,HRV,2008,44.24,26.90341,0.87568,10.777,31113.865,10.345408818754835,3.7896293572140793,1.555
Croatia,HRV,2009,50.58,26.900831,0.83304,10.898001,29024.76,10.275904537798056,3.923556241241819,1.588
Croatia,HRV,2010,56.55,26.743357,0.73055,11.019,28702.004,10.264722225093978,4.03512520256213,1.551
Croatia,HRV,2011,57.79,26.815582,0.73646,11.14,28769.33,10.267065168127044,4.056815750329687,1.485
Croatia,HRV,2012,61.94,27.218641,0.73725,11.267766,28259.346,10.249179513720202,4.126166174545057,1.516
Croatia,HRV,2013,66.7476,27.684359,0.79513,11.323814,28397.855,10.254068893127888,4.200918341577781,1.461
Croatia,HRV,2014,68.5679,28.2824,0.76902,11.394281,28456.736,10.25614017778636,4.227824495189265,1.461
Croatia,HRV,2015,69.845,29.061613,0.82378,11.417611,29466.7,10.291016091178705,4.246278501179514,1.403
Croatia,HRV,2016,72.6973,29.88142,0.84433,11.54999,30821.164,10.335956875844248,4.286304244922709,1.427
Croatia,HRV,2017,67.0962,30.829208,0.8415,11.633748,32348.934,10.38433634729956,4.206127410481292,1.423
Croatia,HRV,2018,75.2946,31.904163,0.94312,11.768991,33729.906,10.42614014121517,4.321408419086927,1.472
Croatia,HRV,2019,79.0798,32.94143,1.07027,11.849183,35122.85,10.466607194798229,4.370457469214747,1.47
Croatia,HRV,2020,78.3209,33.901417,1.22989,11.950723,32493.312,10.388789562525885,4.360814489473901,1.484
Cyprus,CYP,2002,28.32,14.707412,0.27967,10.235001,38090.934,10.54773158004364,3.343568268825519,1.497
Cyprus,CYP,2003,30.09,14.717025,0.31834,10.3975,38617.973,10.561473068846404,3.4041928906419536,1.505
Cyprus,CYP,2004,33.83,14.750621,0.33564,10.56,40020.09,10.597136857010758,3.521347982792617,1.512
Cyprus,CYP,2005,32.81,14.814436,0.36727,10.72,41362.266,10.630124294915587,3.4907333469730104,1.479
Cyprus,CYP,2006,35.83,14.916864,0.38346,10.97,42595.38,10.659501075672033,3.5787855313168624,1.509
Cyprus,CYP,2007,40.77,15.069064,0.40007,11.19,43823.94,10.687935522389107,3.707946516831162,1.449
Cyprus,CYP,2008,42.31,15.264794,0.38594,11.28,44295.812,10.69864541431825,3.745023464731976,1.479
Cyprus,CYP,2009,49.81,15.500997,0.44437,11.26,42253.562,10.651443936923934,3.908215767085192,1.475
Cyprus,CYP,2010,52.99,15.778747,0.44292,11.44,42102.457,10.647861379012664,3.9701032165046706,1.434
Cyprus,CYP,2011,56.8599,16.07535,0.45263,11.58,41212.86,10.626505622555666,4.040590347515715,1.36
Cyprus,CYP,2012,60.6899,16.389105,0.43765,11.81,39190.383,10.576186664047173,4.105777292128495,1.382
Cyprus,CYP,2013,65.4548,16.734226,0.48485,11.88,36650.723,10.509188434268925,4.181359828093058,1.304
Cyprus,CYP,2014,69.3287,17.096014,0.51205,11.88,36105.05,10.494188023734068,4.238858961877113,1.312
Cyprus,CYP,2015,71.7157,17.464622,0.47529,11.87,37258.652,10.52563946529394,4.272709691557495,1.323
Cyprus,CYP,2016,75.9002,17.835424,0.5197,12.09,39501.016,10.584081672077408,4.329419319444225,1.357
Cyprus,CYP,2017,80.7432,18.198462,0.54259,12.184999,41418.16,10.63147471097878,4.391273748030545,1.323
Cyprus,CYP,2018,84.4336,18.558878,0.61405,12.28,43510.21,10.680750902179753,4.435965426644836,1.319
Cyprus,CYP,2019,86.0636,18.92118,0.70945,12.36,45454.363,10.724464090597902,4.455086557816052,1.33
Cyprus,CYP,2020,90.8019,19.310368,0.83654,12.44,43402.54,10.678273243721575,4.5086802104984525,1.361
Czechia,CZE,2002,23.93,19.620287,1.09819,11.365334,30919.549,10.33914391656652,3.175132901920282,1.167
Czechia,CZE,2003,34.3,19.567032,1.1421,11.554,31949.297,10.371905456433716,3.535145354171894,1.176
Czechia,CZE,2004,35.5,19.584425,1.13935,11.742666,33452.34,10.417877018266577,3.56953269648137,1.225
Czechia,CZE,2005,35.27,19.731047,1.161,11.931334,35535.746,10.47829439842744,3.563032744247961,1.281
Czechia,CZE,2006,47.93,19.98531,1.22542,12.12,37786.88,10.53971723141093,3.86974161317154,1.333
Czechia,CZE,2007,51.93,20.324179,1.29572,12.14,39629.008,10.587316654329426,3.949896657856227,1.441
Czechia,CZE,2008,62.97,20.81182,1.23358,12.19,40328.344,10.604809825779649,4.142658422500651,1.508
Czechia,CZE,2009,64.43,21.426569,1.28656,12.29,38175.14,10.549939797401654,4.165579363150552,1.51
Czechia,CZE,2010,68.82,22.034714,1.3267,12.39,39097.387,10.573810915095825,4.231494400369335,1.509
Czechia,CZE,2011,70.49,22.866373,1.54477,12.47,39708.164,10.589312087851178,4.255470855785784,1.427
Czechia,CZE,2012,73.43,23.996105,1.76967,12.52,39347.05,10.580176282801492,4.296332571463519,1.447
Czechia,CZE,2013,74.1104,25.116043,1.87924,12.6,39317.555,10.57942639023209,4.305555873330971,1.455
Czechia,CZE,2014,74.2317,26.152357,1.95833,12.64,40158.016,10.600577350754834,4.307191282658942,1.526
Czechia,CZE,2015,75.6688,27.152554,1.91689,12.67,42066.574,10.647008737566098,4.326365922248454,1.589
Czechia,CZE,2016,76.4812,28.184168,1.67003,12.74,43069.465,10.670569556331817,4.337044958996622,1.652
Czechia,CZE,2017,78.7192,29.221136,1.76855,12.79,45177.523,10.718354963375171,4.365887090090732,1.715
Czechia,CZE,2018,80.6882,30.185564,1.89906,12.83,46301.082,10.74292060913172,4.390592344014621,1.744
Czechia,CZE,2019,80.8669,31.09471,1.92734,12.87,47763.617,10.774019478029718,4.3928045932457565,1.753
Czechia,CZE,2020,81.3389,31.848549,1.98599,12.916507,45119.938,10.717079512057522,4.398624376905953,1.763
Denmark,DNK,2002,64.25,22.293934,2.44145,12.805,58327.83,10.973834616929832,4.162781723775329,1.726
Denmark,DNK,2003,76.26,22.412094,2.51085,12.97,58425.965,10.975515676172668,4.334148554429418,1.756
Denmark,DNK,2004,80.93,22.582855,2.41916,12.92,59893.094,11.0003164853033,4.393584583507611,1.779
Denmark,DNK,2005,82.74,22.799578,2.39337,12.83,61137.68,11.020883649026471,4.4157031610332655,1.798
Denmark,DNK,2006,86.65,23.053644,2.403,12.74,63262.742,11.055051840845978,4.4618770161616155,1.841
Denmark,DNK,2007,85.03,23.391354,2.51541,12.65,63604.562,11.06044047631552,4.443004135397701,1.842
Denmark,DNK,2008,85.02,23.856392,2.77346,12.88,62968.16,11.05038448079225,4.442886522930644,1.88
Denmark,DNK,2009,86.84,24.481573,3.05514,12.47,59516.508,10.99400899843102,4.464067345010091,1.84
Denmark,DNK,2010,88.72,25.272459,2.91707,12.43,60190.633,11.005272021183645,4.485485343042112,1.858
Denmark,DNK,2011,89.81,26.188505,2.94465,12.47,60729.055,11.01417752809214,4.497696327682858,1.754
Denmark,DNK,2012,92.26,27.123343,2.98125,12.7,60497.69,11.010360461471809,4.524610678129674,1.723
Denmark,DNK,2013,94.6297,27.910048,2.97048,12.75,61085.03,11.020022106956972,4.549971380273121,1.67
Denmark,DNK,2014,95.9935,28.53268,2.91409,12.39,61552.8,11.027650622048244,4.56428048084219,1.688
Denmark,DNK,2015,96.3305,29.02233,3.05497,12.64,62405.715,11.04141213670219,4.567784987247082,1.712
Denmark,DNK,2016,96.9678,29.437515,3.09283,13.16,63823.45,11.063875956660077,4.5743789646299895,1.775
Denmark,DNK,2017,97.0994,29.872358,2.93124,13.009999,65352.4,11.087549443703182,4.575735196081483,1.749
Denmark,DNK,2018,97.3192,30.341145,2.96603,12.86,66238.7,11.101020163262692,4.577996297577384,1.726
Denmark,DNK,2019,98.0464,30.84161,2.89685,12.91,67131.47,11.114408214503262,4.585440836007064,1.698
Denmark,DNK,2020,96.5491,31.369362,2.97258,12.96,65744.44,11.09353038372674,4.570051687236049,1.678
Estonia,EST,2002,41.52,23.103756,0.71203,12.52,23539.906,10.066452387603237,3.7261752388576337,1.353
Estonia,EST,2003,45.32,23.608498,0.76465,12.690001,25487.533,10.145944709634202,3.8137484361598055,1.365
Estonia,EST,2004,53.2,24.092875,0.84584,12.86,27384.084,10.21771724768998,3.9740583963475986,1.465
Estonia,EST,2005,61.45,24.559153,0.91705,13.03,30164.006,10.314404638235128,4.118223836012044,1.515
Estonia,EST,2006,63.51,25.124868,1.11277,13.2,33304.594,10.413450624411167,4.151197373814884,1.583
Estonia,EST,2007,66.19,25.622896,1.05874,13.22,35989.863,10.490992594452884,4.1925293941308315,1.685
Estonia,EST,2008,70.58,25.765663,1.25188,13.25,34236.95,10.441060749185274,4.256746818247124,1.719
Estonia,EST,2009,72.5,25.80307,1.39679,13.32,29284.404,10.284810366600889,4.283586561860629,1.701
Estonia,EST,2010,74.1,25.893705,1.57899,13.33,30070.299,10.311293219398388,4.3054155323020415,1.716
Estonia,EST,2011,76.5,26.216133,2.30522,13.4,32456.121,10.387644333003564,4.33729074083249,1.616
Estonia,EST,2012,78.3899,26.830133,2.12481,13.45,33768.574,10.42728588565949,4.3616950925269,1.561
Estonia,EST,2013,80.0043,27.533567,1.72412,13.54,34484.223,10.448257194076104,4.382080383229402,1.524
Estonia,EST,2014,84.2415,28.300293,1.43023,13.44,35723.625,10.483567513603903,4.433687673934997,1.543
Estonia,EST,2015,88.4097,29.001812,1.46777,13.49,36356.44,10.50112663370696,4.481981692130653,1.58
Estonia,EST,2016,87.2402,29.656935,1.24306,13.51,37470.043,10.53129703937181,4.468665233857164,1.603
Estonia,EST,2017,88.1025,30.28229,1.27685,13.56,39533.465,10.584902807394872,4.478500909384014,1.596
Estonia,EST,2018,89.357,30.747343,1.40999,13.66,40853.65,10.61775144758175,4.492639582129351,1.67
Estonia,EST,2019,90.2289,31.235085,1.62058,13.6050005,42218.96,10.650624688223504,4.502349774864825,1.661
Estonia,EST,2020,89.0583,31.864176,1.75315,13.55,40920.527,10.619387098770511,4.489291211456265,1.588
Finland,FIN,2002,62.43,22.785244,3.25308,11.866154,48792.49,10.795331686555803,4.134045929073653,1.718
Finland,FIN,2003,69.22,23.121353,3.29822,12.09,49655.547,10.812865385287257,4.237289838207198,1.756
Finland,FIN,2004,72.39,23.55134,3.30907,12.135,51494.707,10.849234304670912,4.28206816830505,1.795
Finland,FIN,2005,74.48,23.879652,3.3237,12.18,52744.047,10.873206191889356,4.310530632968812,1.801
Finland,FIN,2006,79.66,24.362558,3.33216,12.23,54653.98,10.908777318034348,4.377767577753498,1.832
Finland,FIN,2007,80.78,24.76575,3.33704,12.28,57313.293,10.956287865326216,4.391729410135267,1.828
Finland,FIN,2008,83.67,24.968086,3.53697,12.33,57494.586,10.9594460658307,4.426880490307507,1.843
Finland,FIN,2009,82.49,25.385824,3.73402,12.37,52599.15,10.870455238899414,4.41267707387264,1.86
Finland,FIN,2010,86.89,26.062296,3.70532,12.42,54017.945,10.897071585156889,4.464642950851115,1.863
Finland,FIN,2011,88.71,27.111486,3.61806,12.46,55053.39,10.916058720636304,4.485372622532496,1.826
Finland,FIN,2012,89.88,28.319336,3.39832,12.49,53957.668,10.895955092189878,4.498475447317128,1.797
Finland,FIN,2013,91.5144,29.54942,3.27137,12.55,53183.43,10.881502160648662,4.516496336948188,1.745
Finland,FIN,2014,86.5304,30.740477,3.14751,12.6,52710.734,10.872574395003673,4.46049579728218,1.706
Finland,FIN,2015,86.4221,31.837053,2.87196,12.63,52782.49,10.873934785905488,4.459243430139121,1.645
Finland,FIN,2016,87.7036,32.794537,2.72442,12.684999,53984.633,10.896454710973453,4.473962947566435,1.565
Finland,FIN,2017,87.4689,33.72619,2.72787,12.74,55637.227,10.926607806549546,4.471283301612434,1.487
Finland,FIN,2018,88.89,34.662674,2.75749,12.805,56226.336,10.937140538217069,4.487399650253583,1.407
Finland,FIN,2019,89.6074,35.521896,2.79961,12.87,56922.49,10.949445796854848,4.495437905856292,1.351
Finland,FIN,2020,92.1703,36.336994,2.91243,12.924697,55424.86,10.922783508545372,4.5236379528554345,1.374
France,FRA,2002,30.18,24.92388,2.17449,9.855714,46610.78,10.749587123833072,3.407179453339703,1.865
France,FRA,2003,36.14,25.015282,2.11994,10.047857,46730.977,10.752162542815954,3.5874002851640823,1.873
France,FRA,2004,39.15,25.13288,2.09461,10.24,47720.44,10.773115096621984,3.667400422436812,1.898
France,FRA,2005,42.87,25.237555,2.05151,10.32,48257.465,10.784305809825904,3.7581722806098856,1.916
France,FRA,2006,46.87,25.226002,2.05094,10.445,49223.246,10.80412127057182,3.847377811934615,1.974
France,FRA,2007,66.09,25.25662,2.02451,10.57,50157.785,10.822929015639591,4.191017449482361,1.952
France,FRA,2008,70.68,25.428114,2.06117,10.65,50068.297,10.821143292362892,4.2581626474514955,1.987
France,FRA,2009,71.58,25.66016,2.21207,10.63,48404.965,10.787357670088111,4.2708157053378795,1.99
France,FRA,2010,77.28,25.903782,2.17857,10.78,49130.42,10.802233673874372,4.347435189904263,2.017
France,FRA,2011,77.82,26.440155,2.19161,10.85,50085.684,10.82149049773608,4.354398467556408,1.995
France,FRA,2012,81.44,27.279116,2.22707,10.94,49935.625,10.81848995487006,4.399866552802212,1.99
France,FRA,2013,81.9198,28.13076,2.23703,11.08,50066.53,10.821107999946594,4.405740719881967,1.973
France,FRA,2014,83.7511,29.01211,2.27592,11.23,50326.566,10.82628836775857,4.427849304947279,1.974
France,FRA,2015,78.006,29.91792,2.22702,11.33,50682.895,10.833343755929103,4.356785746808087,1.927
France,FRA,2016,79.2698,30.745068,2.22238,11.35,50984.074,10.83926858842882,4.372857223823301,1.892
France,FRA,2017,80.5025,31.483984,2.19888,11.41,51895.566,10.856988631978316,4.388288239842915,1.859
France,FRA,2018,82.0432,32.188873,2.19666,11.509999,52560.953,10.869728784653171,4.407245937806728,1.837
France,FRA,2019,83.3397,32.88816,2.19179,11.61,53448.555,10.886474881475962,4.422925026275805,1.826
France,FRA,2020,84.7064,33.51512,2.27464,11.687574,49311.332,10.805909191629649,4.439191159606269,1.785
Germany,DEU,2002,48.82,25.576183,2.43622,13.109882,50406.38,10.827873033349553,3.888140064964814,1.344
Germany,DEU,2003,55.9,26.32667,2.47461,13.454941,50111.574,10.822007278356487,4.023564380161053,1.343
Germany,DEU,2004,64.73,27.256538,2.43519,13.8,50704.92,10.833778226291178,4.170224772557419,1.361
Germany,DEU,2005,68.71,28.280777,2.44193,13.7,51182.96,10.843161943133229,4.229894749042985,1.344
Germany,DEU,2006,72.16,29.391438,2.47232,13.6,53222.04,10.88222787525139,4.278885875754368,1.339
Germany,DEU,2007,75.16,30.260607,2.46048,13.68,54832.96,10.912046751985638,4.319619174545265,1.378
Germany,DEU,2008,78.0,30.779375,2.61513,13.76,55425.11,10.922788019146504,4.356708826689592,1.387
Germany,DEU,2009,79.0,31.203934,2.74266,13.83,52484.855,10.868279930771978,4.3694478524670215,1.367
Germany,DEU,2010,82.0,31.26102,2.73024,13.85,54738.707,10.910326361563047,4.406719247264253,1.4
Germany,DEU,2011,81.27,31.116915,2.80555,13.93,57858.42,10.965754270863808,4.397776944765114,1.385
Germany,DEU,2012,82.35,31.257746,2.88166,13.98,58017.586,10.968501450467189,4.410978456623649,1.405
Germany,DEU,2013,84.17,31.53043,2.83599,14.01,58089.17,10.969734522710976,4.432838563223485,1.415
Germany,DEU,2014,86.1937,31.795439,2.87784,14.04,59108.7,10.987133400681964,4.456597089151879,1.469
Germany,DEU,2015,87.5898,32.001713,2.93379,14.08,59573.707,10.994969597996626,4.47266455280671,1.501
Germany,DEU,2016,84.1652,32.22578,2.94039,14.13,60407.973,11.008876378522494,4.432781534152901,1.591
Germany,DEU,2017,84.3942,32.6146,3.0471,14.1050005,61866.49,11.0327339550586,4.4354986788614115,1.57
Germany,DEU,2018,87.0371,32.987793,3.11011,14.08,62381.348,11.041021599418531,4.466334464537869,1.566
Germany,DEU,2019,88.1345,33.40465,3.16701,14.17,62849.375,11.048496269657097,4.478864056740717,1.541
Germany,DEU,2020,89.8129,33.90079,3.13136,14.26,60203.29,11.005482280966383,4.49772861755236,1.531
Hong Kong,HKG,2002,43.0824,16.065716,0.58147,10.508,40258.17,10.60306824361524,3.763114561042833,0.932
Hong Kong,HKG,2003,52.2,16.385752,0.68027,10.6310005,41570.58,10.635147984518849,3.955082494888593,0.904
Hong Kong,HKG,2004,56.3999,16.656048,0.72176,10.754,44836.207,10.710771283956094,4.032467385452796,0.921
Hong Kong,HKG,2005,56.9,16.874743,0.77343,10.877,47938.9,10.777682562376777,4.041295341132285,0.957
Hong Kong,HKG,2006,60.8,17.02947,0.79468,11.0,50981.793,10.839223847966792,4.107589788972121,0.987
Hong Kong,HKG,2007,64.8,17.114283,0.75161,11.1050005,53813.08,10.893271839276927,4.1713056033582285,1.03
Hong Kong,HKG,2008,66.7,17.210447,0.71996,11.21,54630.375,10.908345325726446,4.200204952921578,1.054
Hong Kong,HKG,2009,69.4,17.39925,0.77342,11.31,53172.3,10.881292863038826,4.239886867512759,1.05
Hong Kong,HKG,2010,72.0,17.665506,0.74946,11.4,56355.41,10.939433521958028,4.276666119016055,1.12
Hong Kong,HKG,2011,72.2,18.028421,0.72086,11.62,58672.83,10.97973203665228,4.279440045898781,1.136
Hong Kong,HKG,2012,72.9,18.54241,0.72733,11.706667,59015.332,10.98555255353573,4.289088639014612,1.207
Hong Kong,HKG,2013,74.2,19.206352,0.73017,11.793333,60601.61,11.012076739361255,4.3067641501733345,1.265
Hong Kong,HKG,2014,79.8663,20.030746,0.74014,11.88,61839.812,11.032302643153187,4.380353986577671,1.201
Hong Kong,HKG,2015,84.9484,20.999338,0.76183,12.02,62779.75,11.047387848228093,4.442044013331975,1.227
Hong Kong,HKG,2016,87.4794,22.00005,0.7915,12.095,63749.41,11.062715208075884,4.4714033370744835,1.205
Hong Kong,HKG,2017,89.4159,22.984539,0.83519,12.17,65662.836,11.092288382325082,4.4932985187146075,1.136
Hong Kong,HKG,2018,90.5074,24.059305,0.8633,12.2,66993.97,11.11235789432286,4.505431615318865,1.086
Hong Kong,HKG,2019,91.7434,25.338095,0.92557,12.23,65388.332,11.08809911174244,4.518995549742357,1.055
Hong Kong,HKG,2020,92.4131,26.805058,0.99236,12.2699995,61328.527,11.024000380721947,4.526268743490303,0.892
Hungary,HUN,2002,16.67,22.067982,0.98355,10.3875,24229.295,10.095317717225488,2.813610696762703,1.303
Hungary,HUN,2003,21.63,22.201199,0.91883,10.535,25255.871,10.136813922527605,3.0740812399649675,1.275
Hungary,HUN,2004,27.74,22.336739,0.8599,10.6825,26568.12,10.187467279758216,3.3228754148866853,1.281
Hungary,HUN,2005,38.97,22.524538,0.91951,10.83,27765.79,10.231559966359349,3.662792119350618,1.312
Hungary,HUN,2006,47.06,22.736124,0.9774,11.075,28903.047,10.271702301068856,3.851423383299216,1.341
Hungary,HUN,2007,53.3,23.003717,0.95445,11.32,29044.066,10.276569472911824,3.975936331171799,1.322
Hungary,HUN,2008,61.0,23.31548,0.97757,11.565001,29384.008,10.288205859756475,4.110873864173311,1.346
Hungary,HUN,2009,62.0,23.671513,1.12802,11.81,27445.959,10.219974222986009,4.127134385045092,1.321
Hungary,HUN,2010,65.0,23.971071,1.12865,11.88,27801.834,10.232857268725745,4.174387269895637,1.257
Hungary,HUN,2011,68.02,24.291315,1.17925,11.92,28415.117,10.254676571266296,4.21980177957905,1.25
Hungary,HUN,2012,70.58,24.784174,1.25423,11.84,28179.656,10.246355578138983,4.256746818247124,1.334
Hungary,HUN,2013,72.6439,25.373959,1.3841,12.01,28891.021,10.27128613378423,4.285569422279125,1.35
Hungary,HUN,2014,75.6532,26.055305,1.3446,11.77,30264.95,10.31774555625107,4.326159739405836,1.424
Hungary,HUN,2015,72.8347,26.757633,1.33959,11.85,31485.568,10.357284561096789,4.2881924899935475,1.446
Hungary,HUN,2016,79.2594,27.48944,1.17987,11.89,32378.967,10.38526432431384,4.372726017710926,1.514
Hungary,HUN,2017,76.7505,28.153145,1.31702,11.9800005,33828.715,10.429065277015503,4.340559901104067,1.524
Hungary,HUN,2018,76.0744,28.833212,1.50775,12.07,35798.043,10.485648506090149,4.331711808798269,1.522
Hungary,HUN,2019,80.3717,29.75959,1.47291,12.16,37662.676,10.536424856510944,4.3866621241721315,1.531
Hungary,HUN,2020,84.7712,30.728916,1.59252,12.25,36119.52,10.494588718406076,4.439955862471518,1.576
India,IND,2002,1.53788,7.438391,0.72567,4.296739,3250.6956,8.086624283191696,0.4304048446324457,3.217
India,IND,2003,1.68649,7.4913054,0.71929,4.3737683,3445.926,8.144947942684347,0.5226494460623208,3.122
India,IND,2004,1.97614,7.5334435,0.7569,4.4507976,3656.1262,8.20415945057785,0.6811454470183482,3.046
India,IND,2005,2.38807,7.5670853,0.82411,4.5278273,3881.966,8.264097005318627,0.870485508333562,2.958
India,IND,2006,2.8055,7.595995,0.80473,4.634917,4129.7783,8.325979004126825,1.0315817762088897,2.867
India,IND,2007,3.95,7.62446,0.80507,4.742007,4379.696,8.384734594569062,1.3737155789130306,2.775
India,IND,2008,4.38,7.659892,0.85876,4.8490963,4450.39,8.400747011769525,1.4770487243883548,2.711
India,IND,2009,5.12,7.701442,0.83314,4.956186,4731.362,8.46196838929659,1.6331544390514163,2.674
India,IND,2010,7.5,7.751774,0.78849,5.063276,5059.2827,8.528979993339489,2.0149030205422647,2.598
India,IND,2011,10.07,7.816727,0.75502,5.3,5249.5493,8.565897504281503,2.309560706730471,2.532
India,IND,2012,11.1,7.8957253,0.74399,5.3975782,5460.4375,8.605284193733986,2.4069451083182885,2.47
India,IND,2013,12.3,7.986212,0.70642,5.4951563,5732.2417,8.653861954842041,2.509599262378372,2.399
India,IND,2014,13.5,8.130503,0.70159,5.592734,6079.8438,8.712734283840724,2.6026896854443837,2.293
India,IND,2015,14.9,8.332522,0.6931,5.690312,6488.146,8.777732098624673,2.7013612129514133,2.289
India,IND,2016,16.5,8.5489645,0.66984,5.78789,6940.626,8.845147251162025,2.803360380906535,2.284
India,IND,2017,18.2,8.778961,0.66603,6.0139446,7326.607,8.899267795489282,2.9014215940827497,2.193
India,IND,2018,20.0813,9.027744,0.66001,6.24,7714.34,8.950836213503376,2.9997890337637747,2.184
India,IND,2019,29.5235,9.29327,0.65942,6.28138,7930.0913,8.978419827803474,3.3851865563897903,2.12
India,IND,2020,43.4054,9.540343,0.64558,6.49,7399.531,8.909171898805388,3.7705838573294734,2.047
Ireland,IRL,2002,25.85,16.375715,1.05575,10.81,57927.49,10.96694733499731,3.2523106009544382,1.971
Ireland,IRL,2003,34.31,16.304075,1.12435,10.95,58709.156,10.980350973209712,3.5354368568703585,1.96
Ireland,IRL,2004,36.99,16.25818,1.17778,11.09,61558.58,11.027744520760194,3.610647605844363,1.93
Ireland,IRL,2005,41.61,16.099037,1.19197,11.23,63689.086,11.061768492500937,3.72834052299485,1.865
Ireland,IRL,2006,54.82,15.807546,1.19887,11.37,65087.18,11.083482881000457,4.0040550908746395,1.915
Ireland,IRL,2007,61.1583,15.631541,1.23408,11.35,66590.195,11.106312623468003,4.113465584729485,2.011
Ireland,IRL,2008,65.34,15.783184,1.39126,11.423333,62320.668,11.040048399357527,4.179604406172924,2.065
Ireland,IRL,2009,67.38,16.235334,1.61371,11.496667,58547.266,10.977589672803246,4.2103482379784065,2.063
Ireland,IRL,2010,69.85,16.838995,1.59477,11.57,59209.1,10.988830525275189,4.246350085702971,2.056
Ireland,IRL,2011,74.89,17.497131,1.55153,11.0,59899.918,11.000430415154357,4.316020370261276,2.033
Ireland,IRL,2012,76.92,18.177124,1.56028,11.071667,59405.047,10.992134468071267,4.342765920720579,1.99
Ireland,IRL,2013,78.2477,18.833858,1.56908,11.143333,60388.94,11.00856125457297,4.359879436017034,1.934
Ireland,IRL,2014,83.4917,19.442764,1.51798,11.215,65575.805,11.09096208067955,4.424747225718579,1.9
Ireland,IRL,2015,83.4948,19.981625,1.17974,11.286667,80954.664,11.301644573258285,4.424784354468511,1.861
Ireland,IRL,2016,83.5,20.447721,1.17716,11.358334,80899.02,11.300956989252567,4.42484663185681,1.816
Ireland,IRL,2017,84.114,20.897455,1.24866,11.43,87882.71,11.38375836352877,4.432173021614454,1.772
Ireland,IRL,2018,87.0001,21.33913,1.10698,11.503047,93276.016,11.443318290552147,4.46590926807921,1.761
Ireland,IRL,2019,87.0001,21.78235,1.16068,11.57656,96371.29,11.47596361466422,4.46590926807921,1.718
Ireland,IRL,2020,91.9999,22.268692,1.14551,11.650543,101968.555,11.532419760423306,4.521787490091928,1.653
Israel,ISR,2002,17.7646,15.761427,4.00064,10.68025,31897.584,10.370285549227653,2.8772077130359905,2.877
Israel,ISR,2003,19.5934,15.890467,3.76454,10.725125,31780.78,10.366616983527717,2.975192774834736,2.919
Israel,ISR,2004,22.7705,15.9619665,3.74903,10.77,32675.209,10.394371934799434,3.12546583855217,2.848
Israel,ISR,2005,25.194,15.978754,3.92282,11.275001,33512.89,10.419685419925214,3.2266058709301113,2.793
Israel,ISR,2006,27.8811,15.953332,4.01998,11.78,34770.027,10.456511001533098,3.3279490399203153,2.828
Israel,ISR,2007,48.1281,15.864569,4.29998,12.38,36317.85,10.500064634927831,3.873866206117769,2.852
Israel,ISR,2008,59.39,15.759247,4.25512,12.42,36827.926,10.514011695065,4.0841258620277685,2.903
Israel,ISR,2009,63.12,15.757552,4.04516,12.46,36403.164,10.502410972924164,4.145037676537619,2.944
Israel,ISR,2010,67.5,15.904933,3.86329,12.5,37722.41,10.538009626540967,4.212127597878484,3.028
Israel,ISR,2011,68.8739,16.256376,3.93521,12.6,39075.375,10.57324775217261,4.232277296383654,3.01
Israel,ISR,2012,70.8,16.781767,4.08052,12.69,39299.35,10.578963258280371,4.259859000699674,3.05
Israel,ISR,2013,70.2503,17.266712,4.11678,12.8,40148.777,10.600347258138864,4.25206457866737,3.036
Israel,ISR,2014,75.0178,17.668768,4.20531,12.92,40872.582,10.61821475048647,4.317725418710544,3.081
Israel,ISR,2015,77.3521,18.105732,4.29841,12.96,40967.37,10.620531175168258,4.348367725971806,3.093
Israel,ISR,2016,79.6531,18.58448,4.58822,13.054043,41963.676,10.64455966591794,4.377680955874892,3.113
Israel,ISR,2017,81.5812,19.038923,4.74306,13.148768,42947.06,10.667723473381468,4.401598843268848,3.123
Israel,ISR,2018,83.7332,19.437086,4.91451,13.244182,43814.297,10.687715458627697,4.4276355535679786,3.103
Israel,ISR,2019,86.7879,19.775282,5.33099,13.340287,44580.81,10.705058776357568,4.463467211027434,3.034
Israel,ISR,2020,90.1273,20.076065,5.79681,13.43709,42915.94,10.66699859767569,4.501223115390438,2.937
Italy,ITA,2002,28.04,28.05947,1.08124,8.9475,51369.113,10.84679235642495,3.3336320621663895,1.264
Italy,ITA,2003,29.04,28.535652,1.05894,9.055,51126.258,10.84205349939934,3.3686741899565953,1.285
Italy,ITA,2004,33.24,29.040413,1.05025,9.1625,51495.004,10.849240072237343,3.5037539699872475,1.337
Italy,ITA,2005,35.0,29.618723,1.04435,9.27,51585.645,10.850998715091084,3.5553480614894135,1.332
Italy,ITA,2006,37.99,30.191862,1.08401,9.39,52304.242,10.864832755750474,3.6373229671995344,1.364
Italy,ITA,2007,40.79,30.54325,1.12899,9.53,52747.19,10.873265779777228,3.708436953329467,1.393
Italy,ITA,2008,44.53,30.692942,1.15972,9.65,51806.39,10.855268779712828,3.796163119333611,1.435
Italy,ITA,2009,48.83,30.913376,1.21787,9.73,48774.39,10.794960659006136,3.888344878073569,1.439
Italy,ITA,2010,53.68,31.2003,1.21797,9.82,49301.695,10.8057137407785,3.9830404926634264,1.443
Italy,ITA,2011,54.39,31.644138,1.20155,9.9,49473.016,10.809182668605557,3.9961803134348695,1.427
Italy,ITA,2012,55.83,32.250004,1.26219,10.02,47795.957,10.774696333312365,4.022311359322269,1.416
Italy,ITA,2013,58.4593,32.903316,1.30107,10.12,46833.363,10.754351112539585,4.068330785612095,1.38
Italy,ITA,2014,55.6385,33.61165,1.3384,10.22,46825.652,10.754186451401146,4.018875407669555,1.364
Italy,ITA,2015,58.1417,34.2358,1.3385,10.31,47311.824,10.764515522098868,4.062883134469338,1.344
Italy,ITA,2016,61.3243,34.744606,1.36642,10.396,47987.84,10.778702924462385,4.116176175485032,1.336
Italy,ITA,2017,63.0773,35.18317,1.37013,10.482,48849.22,10.796493690096778,4.144360958388664,1.317
Italy,ITA,2018,74.3872,35.613796,1.42443,10.568,49133.145,10.802289136954728,4.309283884027197,1.286
Italy,ITA,2019,67.8507,36.139507,1.46159,10.654,49690.63,10.813571663123358,4.21730970310312,1.259
Italy,ITA,2020,70.4834,36.609814,1.5066,10.74,45505.07,10.725579027302768,4.255377221100024,1.242
Japan,JPN,2002,46.5942,27.594088,2.96514,12.174,38987.91,10.57100687705185,3.84147606986606,1.308
Japan,JPN,2003,48.4353,28.480116,2.9932,12.2185,39501.81,10.58410177262419,3.8802288867272368,1.285
Japan,JPN,2004,62.3939,29.448343,2.98125,12.263,40351.777,10.605390712381414,4.133467514186656,1.277
Japan,JPN,2005,66.9211,30.700607,3.13092,12.3075,41075.824,10.623175003568525,4.203514313520887,1.245
Japan,JPN,2006,68.6853,32.050274,3.22766,12.352,41613.15,10.636171502067684,4.229535202533517,1.285
Japan,JPN,2007,74.3,33.330166,3.29257,12.3965,42182.176,10.649753041132664,4.308110951723713,1.305
Japan,JPN,2008,75.4,34.59508,3.29224,12.441,41645.57,10.636950279393076,4.32280727501391,1.33
Japan,JPN,2009,78.0,35.62427,3.1959,12.485499,39279.5,10.57845803326315,4.356708826689592,1.333
Japan,JPN,2010,78.21,36.289238,3.10495,12.53,40881.797,10.6184401818371,4.35939751661352,1.357
Japan,JPN,2011,79.0541,37.43803,3.20537,12.544,40967.344,10.620530540516626,4.370132428218144,1.363
Japan,JPN,2012,79.4964,39.276196,3.17371,12.558,41596.92,10.635781405046831,4.375711737616111,1.376
Japan,JPN,2013,88.2194,41.242035,3.27896,12.572,42492.242,10.657076797073367,4.479826893474795,1.389
Japan,JPN,2014,89.1068,43.048412,3.36788,12.5859995,42674.7,10.661361517760955,4.489835650307622,1.388
Japan,JPN,2015,91.058,44.6086,3.24071,12.599999,43386.71,10.677908451995055,4.511496666124911,1.415
Japan,JPN,2016,93.1827,45.936916,3.10666,12.614,43736.13,10.685929812950151,4.534562082143994,1.408
Japan,JPN,2017,91.7265,46.98285,3.16636,12.628,44505.277,10.703363045393436,4.518811323337396,1.39
Japan,JPN,2018,88.7464,47.792377,3.2192,12.642,44848.49,10.711045199138676,4.485782864152528,1.373
Japan,JPN,2019,92.7304,48.386402,3.21824,12.656,44730.91,10.7084200405079,4.529696358401451,1.323
Japan,JPN,2020,90.2195,48.97967,3.26458,12.67,42992.48,10.668780495660828,4.502245589956469,1.304
Kazakhstan,KAZ,2002,1.67477,10.484434,0.25509,10.2825,15960.874,9.677895631409184,0.5156758424158415,1.956
Kazakhstan,KAZ,2003,2.00041,10.734028,0.25246,10.530001,17344.752,9.761045261233024,0.6933521595503166,2.075
Kazakhstan,KAZ,2004,2.65039,10.928553,0.24837,10.7775,18886.582,9.846207001826013,0.9747067989810372,2.201
Kazakhstan,KAZ,2005,2.96171,11.031725,0.28361,11.025001,20565.53,9.931371652275054,1.085766804232705,2.274
Kazakhstan,KAZ,2006,3.26837,11.012689,0.24281,11.2725,22574.344,10.02456931916973,1.1842913896832057,2.38
Kazakhstan,KAZ,2007,4.02,10.811905,0.20884,11.52,24351.346,10.1003424041904,1.3912819026309295,2.49
Kazakhstan,KAZ,2008,11.0,10.396764,0.21654,11.265,24895.664,10.122448930743085,2.3978952727983707,2.616
Kazakhstan,KAZ,2009,18.2,9.908326,0.22924,11.01,24901.354,10.122677458484436,2.9014215940827497,2.58
Kazakhstan,KAZ,2010,31.6,9.545689,0.15341,11.174628,26374.84,10.180165804409256,3.4531571205928664,2.61
Kazakhstan,KAZ,2011,50.6,9.3940325,0.15349,11.339257,27946.16,10.238035080951422,3.92395157629342,2.605
Kazakhstan,KAZ,2012,61.9066,9.456052,0.16525,11.503885,28881.242,10.270947597622216,4.12562679759309,2.64
Kazakhstan,KAZ,2013,63.3042,9.66271,0.17132,11.668513,30177.488,10.31485149492795,4.14795167765992,2.67
Kazakhstan,KAZ,2014,66.0,9.957929,0.16722,11.833142,30986.438,10.341304903872327,4.189654742026425,2.76
Kazakhstan,KAZ,2015,70.8299,10.310495,0.16951,11.99777,30893.76,10.338309500745284,4.2602812279333895,2.755
Kazakhstan,KAZ,2016,74.5877,10.687253,0.14179,12.068514,30758.322,10.333915870766193,4.311975614259051,2.795
Kazakhstan,KAZ,2017,76.4267,11.069223,0.12667,12.1392565,31524.441,10.358518428717144,4.3363321115595985,2.745
Kazakhstan,KAZ,2018,78.9039,11.426904,0.11683,12.21,32330.227,10.383757892037236,4.368230656288018,2.845
Kazakhstan,KAZ,2019,81.8776,11.77696,0.11841,12.321372,33298.21,10.413258920769996,4.405225449176404,2.89
Kazakhstan,KAZ,2020,85.9426,12.111725,0.12602,12.433761,32011.549,10.373852022920868,4.453679631554564,3.13
Kuwait,KWT,2002,10.249,2.302656,0.18001,6.171407,59348.617,10.991184097323174,2.327180139849426,2.795
Kuwait,KWT,2003,22.4029,2.310991,0.14347,6.150938,67984.31,11.127032222240643,3.109190414766931,2.771
Kuwait,KWT,2004,22.9271,2.3041792,0.1301,6.1304693,73298.06,11.20228942094878,3.13231961700066,2.762
Kuwait,KWT,2005,25.9261,2.2988393,0.10083,6.11,78193.9,11.266946918375757,3.255250183302249,2.731
Kuwait,KWT,2006,28.7912,2.3109984,0.08479,6.14,79521.35,11.283780818047518,3.3600697848947343,2.589
Kuwait,KWT,2007,34.8,2.3349593,0.08585,6.22,79474.76,11.28319476595689,3.5496173867804286,2.412
Kuwait,KWT,2008,42.0,2.3602986,0.08551,6.43,77036.51,11.252034744303616,3.737669618283368,2.266
Kuwait,KWT,2009,50.8,2.3828232,0.11213,6.64,67896.266,11.125736319398408,3.927896354584436,2.155
Kuwait,KWT,2010,61.4,2.4121244,0.1014,6.85,62956.215,11.05019476374921,4.117409835153096,2.044
Kuwait,KWT,2011,65.7691,2.4652684,0.09898,7.06,64844.5,11.07974737504538,4.186150123169154,1.956
Kuwait,KWT,2012,70.45,2.570305,0.09721,7.27,64908.26,11.080730167320969,4.254903238344689,1.99
Kuwait,KWT,2013,75.46,2.7278707,0.30153,6.68,62458.81,11.04226257846217,4.323602714536165,1.968
Kuwait,KWT,2014,78.7,2.9236112,0.42705,6.875,60065.656,11.003193509597542,4.365643155423357,2.06
Kuwait,KWT,2015,82.0,3.178459,0.0966,7.07,57763.516,10.964112644290225,4.406719247264253,2.03
Kuwait,KWT,2016,85.6,3.482862,0.07985,7.13,56936.62,10.949693998339518,4.449685283147696,2.061
Kuwait,KWT,2017,98.0,3.853358,0.0804,7.19,52285.586,10.864476009773268,4.584967478670572,2.16
Kuwait,KWT,2018,99.5988,4.2852173,0.06349,7.22,51623.81,10.8517382791502,4.6011501163252015,2.118
Kuwait,KWT,2019,99.5427,4.765392,0.18801,7.3335404,51380.645,10.84701682410785,4.600586697836499,2.087
Kuwait,KWT,2020,99.1059,5.3004394,0.1839,7.4488673,49372.82,10.807155349329966,4.596188975386157,2.099
Kyrgyzstan,KGZ,2002,2.99927,8.849842,0.1981,10.4609995,3760.5325,8.232315848696869,1.0983689257244174,2.566
Kyrgyzstan,KGZ,2003,3.90877,8.787553,0.22272,10.518,3982.9272,8.289772305334465,1.3632227465021194,2.595
Kyrgyzstan,KGZ,2004,5.09039,8.716065,0.19926,10.575,4211.5225,8.34557950025569,1.6273544484523532,2.631
Kyrgyzstan,KGZ,2005,10.5338,8.606078,0.19861,10.632,4156.9585,8.332538956041873,2.354589134740841,2.645
Kyrgyzstan,KGZ,2006,12.3069,8.40976,0.23014,10.689,4240.1704,8.352358736097706,2.510160080700131,2.744
Kyrgyzstan,KGZ,2007,14.03,8.095797,0.23425,10.745999,4558.713,8.424795625830013,2.6411978941143697,2.781
Kyrgyzstan,KGZ,2008,15.7,7.6628046,0.19017,10.8029995,4894.943,8.495957910361573,2.7536607123542622,2.838
Kyrgyzstan,KGZ,2009,16.0,7.1671696,0.15997,10.86,4969.9614,8.511167352460916,2.772588722239781,2.955
Kyrgyzstan,KGZ,2010,16.3,6.8120723,0.15547,10.959614,4876.4795,8.492178824568516,2.791165107812717,3.096
Kyrgyzstan,KGZ,2011,17.5,6.7506948,0.15633,11.059229,5092.8516,8.535593188427491,2.862200880929469,3.14
Kyrgyzstan,KGZ,2012,19.8,6.9349847,0.1661,11.158843,4993.3945,8.515871217994295,2.9856819377004897,3.183
Kyrgyzstan,KGZ,2013,23.0,7.2079697,0.14914,11.258457,5418.5405,8.597581777728399,3.1354942159291497,3.15
Kyrgyzstan,KGZ,2014,28.3,7.5232806,0.12536,11.358072,5513.7544,8.61500104942382,3.342861804649192,3.21
Kyrgyzstan,KGZ,2015,30.247,7.854578,0.11903,11.457686,5600.2144,8.630560161704647,3.4093970060051095,3.208
Kyrgyzstan,KGZ,2016,40.5,8.079732,0.11121,11.557301,5715.0103,8.650851378502002,3.7013019741124937,3.104
Kyrgyzstan,KGZ,2017,50.8,8.164452,0.10707,11.656916,5861.222,8.676113393254402,3.927896354584436,3.044
Kyrgyzstan,KGZ,2018,62.8,8.239704,0.10107,11.75653,5951.8286,8.691453779055275,4.139955073474153,3.28
Kyrgyzstan,KGZ,2019,64.1,8.315769,0.08535,11.858758,6087.602,8.714009522897289,4.160444363926624,3.33
Kyrgyzstan,KGZ,2020,72.0,8.30759,0.08356,11.961875,5537.7954,8.619351758303038,4.276666119016055,3.05
Latvia,LVA,2002,21.94,23.059662,0.40843,11.800526,17096.559,9.746632494171491,3.088311454847084,1.258
Latvia,LVA,2003,26.98,23.583624,0.3593,11.965262,18717.668,9.837223169622192,3.2950958507796098,1.322
Latvia,LVA,2004,38.58,24.121305,0.3984,12.13,20574.12,9.931789254278224,3.652734007477583,1.297
Latvia,LVA,2005,46.0,24.634823,0.52707,12.25,23213.354,10.052482995506557,3.828641396489095,1.389
Latvia,LVA,2006,53.63,25.164656,0.64691,12.3,26431.814,10.182323639371006,3.9821086129948338,1.464
Latvia,LVA,2007,59.17,25.601044,0.55107,12.17,29423.736,10.289556974536314,4.080414656688602,1.542
Latvia,LVA,2008,63.41,25.966295,0.5772,12.35,28726.973,10.265591786171946,4.14962157771194,1.585
Latvia,LVA,2009,66.84,26.475645,0.44858,12.46,24520.68,10.107272122128906,4.202301703727193,1.472
Latvia,LVA,2010,68.42,27.005856,0.60571,12.56,24119.73,10.090785456748618,4.225665179549459,1.367
Latvia,LVA,2011,69.75,27.447481,0.71562,12.61,25308.732,10.138904753508996,4.244917420701475,1.343
Latvia,LVA,2012,73.1199,27.87827,0.66307,12.7,27496.545,10.221815639398118,4.29210055953008,1.444
Latvia,LVA,2013,75.2344,28.454418,0.61321,12.81,28375.184,10.253270239344175,4.32060857316741,1.527
Latvia,LVA,2014,75.8261,29.180437,0.68908,12.86,29243.742,10.283420881051764,4.328442560558109,1.646
Latvia,LVA,2015,79.2006,29.860239,0.6194,12.87,30599.613,10.328742640801671,4.37198387454926,1.706
Latvia,LVA,2016,79.8421,30.49693,0.43514,12.93,31668.516,10.363078280209354,4.380050934262512,1.742
Latvia,LVA,2017,80.1141,31.101927,0.51104,13.055,33036.39,10.405364960164231,4.3834518685454045,1.698
Latvia,LVA,2018,83.5772,31.564423,0.63869,13.18,34729.707,10.455350709192311,4.425770755621083,1.612
Latvia,LVA,2019,86.1355,32.049194,0.63847,13.25,35208.195,10.469034146989564,4.455921637722722,1.609
Latvia,LVA,2020,88.898,32.630108,0.73439,13.329481,34225.9,10.440737946377736,4.487489645078941,1.546
Lithuania,LTU,2002,17.69,22.078047,0.65755,11.317029,18216.545,9.810085526048764,2.872999508171694,1.231
Lithuania,LTU,2003,25.91,22.668747,0.66413,11.501352,20302.984,9.918523149301054,3.2546289945740186,1.26
Lithuania,LTU,2004,31.23,23.285152,0.7514,11.685677,21867.287,9.99274705476412,3.441379171294987,1.271
Lithuania,LTU,2005,36.22,23.90393,0.74821,11.87,23944.701,10.083502325749487,3.589611452455267,1.291
Lithuania,LTU,2006,43.9,24.476389,0.79204,12.01,26129.34,10.170814099871896,3.7819143200811256,1.322
Lithuania,LTU,2007,49.9,24.937359,0.80174,12.16,29370.773,10.287755343219828,3.910021002757473,1.359
Lithuania,LTU,2008,55.22,25.293438,0.78932,12.3,30445.781,10.3237027085302,4.011325206502009,1.444
Lithuania,LTU,2009,59.76,25.521826,0.83084,12.32,26217.545,10.17418412211788,4.090336540824562,1.499
Lithuania,LTU,2010,62.12,26.088987,0.7833,12.46,26887.492,10.19941647603991,4.129067998280486,1.499
Lithuania,LTU,2011,63.64,26.765013,0.90269,12.57,29240.748,10.283318494931866,4.153242203469586,1.548
Lithuania,LTU,2012,67.23,27.087473,0.89304,12.56,30920.33,10.339169175348156,4.208119576480946,1.591
Lithuania,LTU,2013,68.4529,27.389639,0.94872,12.59,32474.64,10.38821475602701,4.22614591752803,1.583
Lithuania,LTU,2014,72.1335,27.83242,1.03011,12.8,33975.086,10.433382770289136,4.278518568837592,1.628
Lithuania,LTU,2015,71.3781,28.376804,1.04341,12.96,35251.297,10.47025760188976,4.267991099607438,1.705
Lithuania,LTU,2016,74.3766,29.006653,0.84241,13.11,36618.15,10.50829929811022,4.309141376239443,1.692
Lithuania,LTU,2017,77.6153,29.727137,0.89626,13.19,38774.49,10.565517835153598,4.351764572703173,1.633
Lithuania,LTU,2018,79.7226,30.241213,0.93662,13.293333,41019.79,10.621809912159344,4.378553108962287,1.635
Lithuania,LTU,2019,81.5819,30.522528,0.99266,13.396667,43062.324,10.670403740664934,4.401607423640268,1.61
Lithuania,LTU,2020,83.0555,30.67819,1.13261,13.5,43091.797,10.671087933151783,4.419509059032078,1.487
Malta,MLT,2002,28.92,18.549702,0.2502,8.394,31206.271,10.348374347190813,3.364533397290564,1.458
Malta,MLT,2003,31.64,18.900473,0.23743,8.856,32146.68,10.378064458392569,3.4544221428994533,1.476
Malta,MLT,2004,34.62,19.225492,0.48971,9.318,32061.572,10.37541345802447,3.544431549748063,1.4
Malta,MLT,2005,41.24,19.486603,0.5282,9.78,32775.75,10.397444191665276,3.719408659148759,1.377
Malta,MLT,2006,40.41,19.604366,0.57844,9.82,33419.473,10.416894033024452,3.6990772790903823,1.363
Malta,MLT,2007,46.9,19.597513,0.5454,9.86,34980.402,10.46254324078786,3.8480176754522337,1.358
Malta,MLT,2008,50.08,19.7635,0.52667,10.01,36286.375,10.499197605441005,3.913621726791843,1.42
Malta,MLT,2009,58.86,20.52063,0.50739,10.16,35511.355,10.477607783474404,4.075161742805327,1.413
Malta,MLT,2010,63.0,21.643145,0.58741,10.31,37527.34,10.532825012985173,4.143134726391533,1.375
Malta,MLT,2011,68.0198,22.807846,0.66506,10.47,37739.445,10.538461112932056,4.219798839263054,1.443
Malta,MLT,2012,68.1999,24.089083,0.80432,10.8,38935.7,10.569666846531891,4.222443098572682,1.42
Malta,MLT,2013,68.9138,25.429108,0.74336,11.03,40919.793,10.61936916140174,4.232856448239955,1.366
Malta,MLT,2014,73.1141,26.4657,0.69179,11.13,43161.543,10.672705169428118,4.29202123461244,1.379
Malta,MLT,2015,75.96,27.134836,0.71515,11.21,46170.17,10.740089197538872,4.330206885944085,1.376
Malta,MLT,2016,78.0751,27.720896,0.55689,11.29,46965.6,10.757170697818106,4.357671183988047,1.366
Malta,MLT,2017,81.0119,27.960678,0.55232,11.565001,51626.348,10.851787441302584,4.394596057461943,1.271
Malta,MLT,2018,81.658,27.743647,0.57211,11.84,53417.016,10.885884625875011,4.402539793796252,1.227
Malta,MLT,2019,85.7786,27.330935,0.55993,12.025001,53391.438,10.88540567501427,4.451769558134844,1.15
Malta,MLT,2020,86.8588,27.093224,0.64566,12.21,50387.82,10.8275047581867,4.464283811676221,1.132
Mexico,MEX,2002,11.9,8.596357,0.33745,6.975,19744.793,9.890645089999044,2.4765384001174837,2.633
Mexico,MEX,2003,12.9,8.779426,0.37454,7.1324997,19701.463,9.88844817592804,2.5572273113676265,2.579
Mexico,MEX,2004,14.1,8.951085,0.37053,7.29,20127.225,9.909828655181778,2.6461747973841225,2.536
Mexico,MEX,2005,17.21,9.10366,0.38103,7.49,20277.256,9.917255142830554,2.845490610223448,2.495
Mexico,MEX,2006,19.52,9.231139,0.35298,7.87,20965.826,9.950649057827071,2.9714395809849465,2.456
Mexico,MEX,2007,20.81,9.316909,0.38039,7.88,21102.27,9.957135896615917,3.035433640405543,2.421
Mexico,MEX,2008,21.71,9.373095,0.42416,7.95,20992.56,9.951923368217264,3.0777729838902004,2.391
Mexico,MEX,2009,26.34,9.429676,0.45748,8.14,19385.543,9.8722828610617,3.271088696315135,2.364
Mexico,MEX,2010,31.05,9.496518,0.47353,8.01,20058.385,9.906402549800369,3.435598808379488,2.34
Mexico,MEX,2011,37.1763,9.584414,0.45268,8.25,20457.6,9.926109730572408,3.6156714614725183,2.317
Mexico,MEX,2012,39.75,9.701438,0.40284,8.49,20898.936,9.94745352756608,3.6826098411003407,2.294
Mexico,MEX,2013,43.46,9.838497,0.40806,8.36,20805.348,9.94296534802553,3.771840974828283,2.269
Mexico,MEX,2014,44.3857,9.991657,0.41962,8.4,21069.766,9.95559440089888,3.7929173454897582,2.211
Mexico,MEX,2015,57.431,10.1655445,0.41477,8.6,21408.928,9.97156331026946,4.050584227226786,2.137
Mexico,MEX,2016,59.5404,10.357407,0.37601,8.6,21578.264,9.979441790719916,4.08665507373772,2.086
Mexico,MEX,2017,53.0318,10.567999,0.31955,8.74,21777.523,9.988633661828407,3.9708917336240894,2.041
Mexico,MEX,2018,56.6596,10.799745,0.29816,8.93,21997.773,9.9986964999439,4.037061434723374,2.03
Mexico,MEX,2019,69.6321,11.052409,0.27606,9.075,21704.186,9.985260424150924,4.243225667913715,2.02
Mexico,MEX,2020,71.4902,11.245359,0.29191,9.22,19728.482,9.889818657384655,4.269560377368916,1.99
Netherlands,NLD,2002,61.29,20.040854,1.74543,11.79,56664.414,10.944901673632945,4.11561669749764,1.729
Netherlands,NLD,2003,64.35,20.189667,1.7839,11.79,56452.867,10.941161356596362,4.164336934042136,1.742
Netherlands,NLD,2004,68.52,20.44025,1.78901,11.79,57391.363,10.95764910060258,4.2271256734559195,1.722
Netherlands,NLD,2005,81.0,20.75938,1.77388,11.79,58422.01,10.975447981375192,4.394449154672439,1.706
Netherlands,NLD,2006,83.7,21.0845,1.74067,11.89,60391.543,11.008604357563382,4.4272389774954295,1.715
Netherlands,NLD,2007,85.82,21.4165,1.6703,11.99,62601.62,11.044546435347597,4.452252079563379,1.714
Netherlands,NLD,2008,87.42,21.80595,1.62269,11.91,63678.402,11.061600725982291,4.470724089435168,1.764
Netherlands,NLD,2009,89.63,22.27141,1.6657,11.94,61029.73,11.01911640147501,4.4956900853692705,1.783
Netherlands,NLD,2010,90.72,22.741825,1.70404,11.98,61518.555,11.027094115607182,4.507777839979442,1.787
Netherlands,NLD,2011,91.42,23.522175,1.88131,11.96,62318.14,11.040007834142877,4.515464272903598,1.752
Netherlands,NLD,2012,92.86,24.599308,1.91627,12.02,61480.812,11.026480405112483,4.531092982591776,1.716
Netherlands,NLD,2013,93.9564,25.544237,2.15606,12.07,61281.29,11.023229855106743,4.54283084488046,1.677
Netherlands,NLD,2014,91.6667,26.360058,2.1733,12.09,62045.855,11.035628987434508,4.518159172634759,1.704
Netherlands,NLD,2015,91.7241,27.04723,2.14606,12.14,63081.395,11.052181155607336,4.51878515825535,1.657
Netherlands,NLD,2016,90.411,27.610636,2.15081,12.18,64267.74,11.070813073595822,4.504365941411477,1.658
Netherlands,NLD,2017,93.1973,28.160875,2.17857,12.25,65666.0,11.092336566716217,4.534718751314827,1.617
Netherlands,NLD,2018,91.8919,28.718792,2.1388,12.32,66758.266,11.108833403801542,4.520612886195319,1.585
Netherlands,NLD,2019,93.2886,29.247862,2.18435,12.45,67847.85,11.125022977214895,4.535697913892744,1.572
Netherlands,NLD,2020,91.3333,29.775843,2.32182,12.58,64862.19,11.08002014432366,4.51451545275639,1.545
North Macedonia,MKD,2002,17.33,15.106922,0.24461,7.12,11830.312,9.378420330251029,2.8524391037275145,1.786
North Macedonia,MKD,2003,19.07,15.275766,0.21064,7.405339,12077.899,9.39913253252124,2.9481164196123277,1.745
North Macedonia,MKD,2004,24.44,15.445875,0.23237,7.690677,12683.434,9.448052011515324,3.1962211343033946,1.524
North Macedonia,MKD,2005,26.45,15.622739,0.22825,7.976016,13354.517,9.499609958660171,3.2752561583043085,1.469
North Macedonia,MKD,2006,28.62,15.820714,0.19373,8.261354,14118.288,9.555226257237363,3.3541057741283047,1.514
North Macedonia,MKD,2007,36.3,16.06497,0.17093,8.546694,15118.307,9.623661672564843,3.591817741270805,1.533
North Macedonia,MKD,2008,46.04,16.329082,0.22358,8.832032,16038.107,9.682722856999538,3.829510583853682,1.565
North Macedonia,MKD,2009,51.77,16.584984,0.19679,9.117372,16084.295,9.68559860905762,3.94681083091381,1.637
North Macedonia,MKD,2010,51.9,16.819595,0.21634,9.40271,16731.16,9.725028128098424,3.949318790171843,1.707
North Macedonia,MKD,2011,56.7,17.076479,0.22276,9.688048,17201.307,9.752740648286668,4.037774210733707,1.625
North Macedonia,MKD,2012,57.4499,17.458433,0.32676,9.973388,17190.066,9.75208693781106,4.050913263649211,1.709
North Macedonia,MKD,2013,65.24,18.064726,0.43894,10.258726,17758.3,9.78460829124392,4.178072777752813,1.705
North Macedonia,MKD,2014,68.0585,18.803185,0.51646,10.544065,18452.283,9.82294338165093,4.220367629452869,1.768
North Macedonia,MKD,2015,70.3802,19.551954,0.44412,10.829404,19215.154,9.863454517538775,4.253911973605798,1.758
North Macedonia,MKD,2016,72.1568,20.351713,0.43585,11.114742,19825.855,9.89474217293753,4.2788415288730555,1.786
North Macedonia,MKD,2017,74.5168,21.260765,0.35439,11.400082,20121.135,9.90952603415342,4.311024603319159,1.725
North Macedonia,MKD,2018,79.1678,22.325193,0.36367,11.68542,20806.008,9.942997070135236,4.37156965049359,1.731
North Macedonia,MKD,2019,81.4129,23.518404,0.36783,10.95771,21766.975,9.98814919188659,4.399533737110872,1.651
North Macedonia,MKD,2020,81.4055,24.598974,0.37264,10.23,20971.53,9.950921082607804,4.399442838293477,1.625
Norway,NOR,2002,72.84,22.813568,1.62645,12.155714,79447.09,11.28284654448477,4.288265254859407,1.757
Norway,NOR,2003,78.13,22.593538,1.67572,12.192857,79728.78,11.286385903736424,4.358374106008653,1.798
Norway,NOR,2004,77.69,22.470774,1.53975,12.23,82440.95,11.319837558470264,4.3527265489623295,1.828
Norway,NOR,2005,81.99,22.3875,1.47715,12.28,84080.0,11.339524005550834,4.406597288608086,1.835
Norway,NOR,2006,82.55,22.258133,1.44972,12.37,85458.55,11.355786742051968,4.413404170366137,1.899
Norway,NOR,2007,86.93,22.126831,1.55794,12.41,87043.5,11.374163272678372,4.465103197090973,1.897
Norway,NOR,2008,90.57,22.106438,1.54556,12.48,86379.664,11.366507556717824,4.506123032386857,1.951
Norway,NOR,2009,92.08,22.283493,1.71678,12.5,83642.07,11.33430190216028,4.522657764413627,1.974
Norway,NOR,2010,93.39,22.605616,1.6412,12.55,83256.79,11.329684966078288,4.536784273121627,1.941
Norway,NOR,2011,93.49,23.031712,1.61714,12.61,83092.44,11.327709001975846,4.537854478703224,1.876
Norway,NOR,2012,94.65,23.493149,1.61053,12.643333,84237.15,11.341391314326714,4.550185877655332,1.847
Norway,NOR,2013,95.0534,23.908888,1.64216,12.676666,84070.46,11.339410535745158,4.554438838941712,1.779
Norway,NOR,2014,96.3005,24.321003,1.70369,12.71,84830.26,11.34840759775052,4.567473510898597,1.754
Norway,NOR,2015,96.8103,24.729593,1.9235,12.77,85550.3,11.356859786035407,4.572753393580603,1.728
Norway,NOR,2016,97.2982,25.149141,2.03287,12.82,85787.62,11.3596299860211,4.5777804895347165,1.705
Norway,NOR,2017,96.3576,25.617922,2.08167,12.95,87194.11,11.375892061744189,4.568066270836247,1.624
Norway,NOR,2018,96.4917,26.145607,2.03482,12.974999,87338.47,11.377546309139378,4.569456994283143,1.566
Norway,NOR,2019,98.0,26.662819,2.136,13.0,87725.73,11.381970521875898,4.584967478670572,1.533
Norway,NOR,2020,94.6076,27.21695,2.24436,13.058847,86096.055,11.363218870550778,4.5497378110972715,1.482
Panama,PAN,2002,8.51808,8.146033,0.3422,8.16,14507.144,9.58239649673214,2.1421909633329457,2.698
Panama,PAN,2003,9.98742,8.300371,0.32109,8.3,14957.554,9.612971735486653,2.301326301047797,2.679
Panama,PAN,2004,11.1409,8.468443,0.22646,8.44,15875.112,9.672507878854116,2.410623021181946,2.68
Panama,PAN,2005,11.484,8.647989,0.23183,8.58,16867.96,9.733171243509595,2.4409547622588175,2.643
Panama,PAN,2006,17.3496,8.841219,0.23537,8.72,18190.273,9.808642279645834,2.85356945137206,2.62
Panama,PAN,2007,22.29,9.046676,0.18172,8.86,20208.822,9.913874520722608,3.1041381473977774,2.612
Panama,PAN,2008,33.82,9.263869,0.19065,9.0,21867.818,9.992771337317004,3.5210523434704344,2.608
Panama,PAN,2009,39.08,9.495001,0.1321,9.139999,21822.988,9.99071918860028,3.6656108271745818,2.593
Panama,PAN,2010,40.1,9.736177,0.14453,9.28,22739.111,10.031841672433032,3.691376334312523,2.587
Panama,PAN,2011,42.7,9.985188,0.17304,9.42,24999.46,10.126609503617054,3.754198920234579,2.604
Panama,PAN,2012,40.3019,10.242608,0.07534,9.559999,26926.885,10.200880508859104,3.696398614243266,2.591
Panama,PAN,2013,44.03,10.50525,0.06206,9.7,28135.328,10.244781289876553,3.7848712197676626,2.569
Panama,PAN,2014,44.9238,10.787123,0.12295,9.84,28931.805,10.272696788004524,3.804967721127564,2.552
Panama,PAN,2015,51.2054,11.083412,0.10745,9.98,29933.156,10.306722041328465,3.935844995234024,2.53
Panama,PAN,2016,54.0,11.380747,0.1324,10.12,30765.236,10.334140630199938,3.9889840465642745,2.502
Panama,PAN,2017,59.9506,11.688469,0.1353,10.26,31979.812,10.372860107696496,4.093520889763724,2.462
Panama,PAN,2018,61.8055,12.017876,0.13359,10.4,32681.447,10.39456282583948,4.123992357267422,2.402
Panama,PAN,2019,63.6284,12.368829,0.13624,10.54,33163.727,10.409211997384594,4.153059911556871,2.288
Panama,PAN,2020,70.0097,12.686112,0.23235,10.685866,26881.799,10.1992047194809,4.248633803877797,2.184
Poland,POL,2002,21.15,18.31839,0.55675,11.45,19166.914,9.8609408423819,3.0516399054922867,1.252
Poland,POL,2003,24.87,18.491064,0.53806,11.57,19855.63,9.896242873104775,3.2136622578153133,1.225
Poland,POL,2004,32.53,18.662664,0.5525,11.69,20878.654,9.946482576317177,3.48216274048526,1.228
Poland,POL,2005,38.81,18.82846,0.56278,11.809999,21568.947,9.979009920389071,3.658677945380815,1.244
Poland,POL,2006,44.58,18.949755,0.55102,11.93,22921.197,10.03981739459588,3.797285327957723,1.269
Poland,POL,2007,48.6,18.999228,0.56193,12.05,24484.066,10.105777817605295,3.883623530906448,1.311
Poland,POL,2008,53.13,19.009167,0.59944,12.17,25553.906,10.148545460659726,3.972741740462852,1.386
Poland,POL,2009,58.97,18.994621,0.66106,12.34,26204.41,10.17368299619555,4.077028840012413,1.402
Poland,POL,2010,62.32,19.014074,0.72619,12.31,27112.133,10.20773661885172,4.132282401562493,1.407
Poland,POL,2011,61.95,19.2705,0.75221,12.55,28521.662,10.258419147725126,4.126327608075152,1.338
Poland,POL,2012,62.31,19.792955,0.88997,12.78,28952.916,10.273426203317282,4.132121926556131,1.329
Poland,POL,2013,62.8492,20.470629,0.88483,12.78,29168.625,10.280848924280756,4.140738206236073,1.292
Poland,POL,2014,66.5987,21.241848,0.95076,12.84,30334.879,10.320053451576618,4.1986850578363155,1.317
Poland,POL,2015,67.997,22.104797,1.00423,12.92,31700.37,10.364083631721543,4.219463586555836,1.323
Poland,POL,2016,73.3007,23.062853,0.96821,13.0,32675.305,10.39437487280234,4.294570158642369,1.389
Poland,POL,2017,75.9854,24.080751,1.03785,13.04,34354.598,10.4444911460432,4.3305412165685935,1.472
Poland,POL,2018,77.5417,25.120308,1.2061,13.08,36500.41,10.505078772384207,4.350815856170623,1.443
Poland,POL,2019,80.4359,26.177345,1.32335,13.12,38181.62,10.55010952697152,4.387460593938622,1.436
Poland,POL,2020,83.1849,27.18558,1.38608,13.16,37852.8,10.541460232351415,4.421065840971175,1.384
Portugal,PRT,2002,19.37,24.684626,0.72183,6.96,35578.52,10.479497363952198,2.963725477418905,1.46
Portugal,PRT,2003,29.67,25.035105,0.69802,7.15,35115.38,10.466394490120784,3.3901364343027307,1.437
Portugal,PRT,2004,31.78,25.445328,0.7293,7.39,35658.13,10.481732450333766,3.45883716110857,1.405
Portugal,PRT,2005,34.99,25.836119,0.75755,7.49,35870.31,10.487665212808473,3.5550623063795967,1.408
Portugal,PRT,2006,38.01,26.158201,0.95448,7.62,36387.535,10.50198154992219,3.6378492830011577,1.372
Portugal,PRT,2007,42.09,26.47226,1.12417,7.67,37226.47,10.524775346362846,3.7398101827824792,1.352
Portugal,PRT,2008,44.13,26.849037,1.44335,7.78,37291.504,10.52652080488836,3.787139823281456,1.383
Portugal,PRT,2009,48.27,27.331873,1.58001,7.93,36092.812,10.493849010921826,3.8768102496724017,1.349
Portugal,PRT,2010,53.3,27.915682,1.53529,8.06,36703.113,10.510616853333689,3.975936331171799,1.381
Portugal,PRT,2011,55.25,28.52845,1.45741,8.28,36127.297,10.494804008168394,4.0118683403978626,1.343
Portugal,PRT,2012,60.34,29.134789,1.37861,8.5,34804.633,10.457505789085172,4.099995233730915,1.277
Portugal,PRT,2013,62.0956,29.90013,1.32468,8.66,34651.773,10.453104172140138,4.12867513296705,1.213
Portugal,PRT,2014,64.5924,30.76334,1.28992,8.87,35097.41,10.465882617557613,4.168096756808774,1.23
Portugal,PRT,2015,68.6329,31.563845,1.2433,8.99,35803.36,10.485797022733314,4.2287720116011664,1.302
Portugal,PRT,2016,70.4236,32.375095,1.28075,9.11,36636.297,10.508794749270235,4.254528434260616,1.356
Portugal,PRT,2017,73.7912,33.228592,1.31928,9.22,37943.113,10.543843290729258,4.301239483304219,1.377
Portugal,PRT,2018,74.661,34.050953,1.34955,9.14,39123.613,10.57448147673484,4.312957867449779,1.411
Portugal,PRT,2019,75.3464,34.908253,1.39562,9.33,40188.285,10.601330814226214,4.322096146890668,1.421
Portugal,PRT,2020,78.2617,35.798355,1.61392,9.58,36852.23,10.514671411390289,4.36005833900992,1.405
Romania,ROU,2002,6.58,20.659792,0.37721,9.68,17061.7,9.744591464381225,1.884034745337226,1.27
Romania,ROU,2003,8.9,21.015661,0.39708,9.862,17587.535,9.774945691470416,2.186051276738094,1.298
Romania,ROU,2004,15.0,21.330164,0.38942,10.044001,19532.56,9.879838095669584,2.70805020110221,1.335
Romania,ROU,2005,21.5,21.587446,0.41262,10.226,20571.012,9.93163817929779,3.068052935133617,1.394
Romania,ROU,2006,24.66,21.83447,0.45682,10.408,22354.656,10.01478990049332,3.2051824977361982,1.421
Romania,ROU,2007,28.3,22.095177,0.51148,10.59,24328.494,10.099403534971492,3.342861804649192,1.449
Romania,ROU,2008,32.42,22.37711,0.55215,10.67,27039.713,10.205061916195246,3.4787755163075302,1.581
Romania,ROU,2009,36.6,22.763,0.44395,10.7,25761.738,10.156645646886462,3.6000482404073204,1.636
Romania,ROU,2010,39.93,23.152311,0.44666,10.73,24903.008,10.12274387836953,3.6871279210751298,1.574
Romania,ROU,2011,40.01,23.5529,0.47459,10.86,26150.855,10.17163716494327,3.689129422869144,1.475
Romania,ROU,2012,45.88,23.924541,0.4624,10.96,26767.566,10.194946209706046,3.82602929226117,1.51
Romania,ROU,2013,49.7645,24.257172,0.39024,11.02,26942.043,10.201443282278325,3.90730187842561,1.466
Romania,ROU,2014,54.0783,24.86005,0.38208,10.86,28156.248,10.24552456275856,3.990432996329379,1.56
Romania,ROU,2015,55.7632,25.631544,0.48796,10.98,29182.0,10.281307359823968,4.021114153614776,1.621
Romania,ROU,2016,59.504,26.338226,0.48864,11.08,30189.273,10.315241941589472,4.086043537182714,1.692
Romania,ROU,2017,63.7473,27.026306,0.50693,11.15,32852.773,10.39979143435314,4.154926830200448,1.77
Romania,ROU,2018,70.6813,27.72795,0.49729,11.215,34829.04,10.458206800534027,4.258181040038434,1.753
Romania,ROU,2019,73.6575,28.461214,0.47616,11.28,36399.625,10.50231375137396,4.299425970717902,1.711
Romania,ROU,2020,78.4553,29.302467,0.46538,11.39,35283.754,10.471177910355712,4.362529035851787,1.726
Russia,RUS,2002,4.12827,18.061016,1.24652,12.18,22319.678,10.013223989867887,1.4178584330170627,1.287
Russia,RUS,2003,8.29886,18.497458,1.28603,12.200001,24057.928,10.088219867782062,2.1161181559716695,1.334
Russia,RUS,2004,12.8594,18.969292,1.15133,12.22,25894.146,10.16177219897452,2.5540750614224343,1.345
Russia,RUS,2005,15.2267,19.335794,1.06797,12.240001,27656.658,10.227621773623897,2.7230504658191053,1.299
Russia,RUS,2006,18.0233,19.534288,1.07294,12.26,30022.672,10.309708108554984,2.8916653652696827,1.315
Russia,RUS,2007,24.66,19.409414,1.11611,12.280001,32630.37,10.392998728781428,3.2051824977361982,1.428
Russia,RUS,2008,32.0,18.849857,1.04435,12.3,34342.227,10.444130983833848,3.4657359027997265,1.517
Russia,RUS,2009,42.55,18.150467,1.25192,12.32,31654.004,10.362619928259557,3.750679855019383,1.559
Russia,RUS,2010,49.0,17.6028,1.1302,12.34,33063.586,10.406187834942116,3.8918202981106265,1.585
Russia,RUS,2011,58.0,17.48184,1.01545,12.346364,34444.645,10.447108821688804,4.060443010546419,1.601
Russia,RUS,2012,66.0,17.755112,1.02766,12.352727,35740.7,10.484045374419772,4.189654742026425,1.708
Russia,RUS,2013,67.97,18.131336,1.02732,12.359091,36260.066,10.49847230449472,4.219066431358547,1.725
Russia,RUS,2014,70.5176,18.707947,1.07241,12.365455,35853.246,10.487189385861967,4.255862324052068,1.766
Russia,RUS,2015,70.0992,19.435312,1.10085,12.371819,35037.152,10.464164263208236,4.249911381707236,1.79
Russia,RUS,2016,73.0914,20.117971,1.10238,12.378181,35005.45,10.463259042635054,4.291710712775951,1.773
Russia,RUS,2017,76.0081,20.842587,1.10967,12.384545,35570.39,10.479268829178148,4.330839913554567,1.627
Russia,RUS,2018,80.8647,21.57574,0.99002,12.390909,36536.695,10.506072377018048,4.392777387678012,1.581
Russia,RUS,2019,82.6422,22.374048,1.03531,12.397273,37319.32,10.527266434002138,4.414520445947841,1.504
Russia,RUS,2020,84.9947,23.131203,1.09099,12.403636,36376.336,10.501673732321654,4.442588901605115,1.505
Singapore,SGP,2002,47.0,8.575107,2.03282,9.793,67744.27,11.12349515951947,3.8501476017100584,1.172
Singapore,SGP,2003,53.8379,8.7552,1.99679,9.952001,71877.53,11.182718977480146,3.9859776801181264,1.081
Singapore,SGP,2004,62.0,9.030586,2.07859,10.111,78039.02,11.264964236995462,4.127134385045092,1.071
Singapore,SGP,2005,61.0,9.295442,2.14806,10.27,81841.16,11.312535574523103,4.110873864173311,1.072
Singapore,SGP,2006,59.0,9.412496,2.11656,10.11,86463.83,11.367481455181744,4.07753744390572,1.068
Singapore,SGP,2007,69.9,9.320894,2.31986,10.21,90417.805,11.412196484951195,4.247065649239764,1.069
Singapore,SGP,2008,69.0,9.209592,2.59674,10.49,87329.59,11.377444630561078,4.23410650459726,1.044
Singapore,SGP,2009,69.0,9.253901,2.1279,10.5,84843.516,11.348563850535593,4.23410650459726,1.002
Singapore,SGP,2010,71.0,9.329958,1.92918,10.94,95456.19,11.466422677758354,4.2626798770413155,0.934
Singapore,SGP,2011,71.0,9.484648,2.06955,11.0,99296.76,11.505868221102157,4.2626798770413155,0.964
Singapore,SGP,2012,72.0,9.856733,1.91833,11.02,101187.83,11.524733771687064,4.276666119016055,1.027
Singapore,SGP,2013,80.9021,10.356663,1.92104,11.15,104359.03,11.555592444458522,4.393239781700349,0.949
Singapore,SGP,2014,79.0292,10.903489,2.08228,11.22,107066.86,11.581208778113522,4.369817404427448,1.003
Singapore,SGP,2015,79.013,11.47418,2.17445,11.37,108953.73,11.598678575674754,4.369612395891036,0.977
Singapore,SGP,2016,84.4523,12.092677,2.07276,11.38,111579.74,11.622494771230109,4.436186877933268,0.943
Singapore,SGP,2017,84.4523,12.822361,1.89913,11.34,116471.82,11.665404634316154,4.436186877933268,0.936
Singapore,SGP,2018,88.1656,13.56525,1.80947,11.56,119927.766,11.694644890519545,4.479216864258382,0.948
Singapore,SGP,2019,88.9493,14.270598,1.88474,11.68,120114.13,11.69619765310433,4.488066544491222,0.942
Singapore,SGP,2020,92.0043,15.175927,2.15626,11.76,115893.04,11.660422975755898,4.521835315087236,0.942
Slovakia,SVK,2002,40.14,16.326517,0.56314,10.484,19757.068,9.891266579725572,3.692373343368192,1.185
Slovakia,SVK,2003,43.04,16.314468,0.56145,10.708,20730.25,9.939349265173798,3.762129915853529,1.204
Slovakia,SVK,2004,52.89,16.342758,0.50069,10.932,21851.955,9.992045670205416,3.968214285077889,1.246
Slovakia,SVK,2005,55.19,16.419855,0.49332,11.156,23266.758,10.054780925576082,4.01078177745141,1.262
Slovakia,SVK,2006,56.08,16.525919,0.47488,11.38,25342.31,10.140230609941284,4.0267792427263345,1.254
Slovakia,SVK,2007,61.8,16.650959,0.44746,11.604,28075.807,10.242663523628082,4.123903364463645,1.27
Slovakia,SVK,2008,66.05,16.79741,0.46137,11.828,29556.262,10.2940509123976,4.190412030968334,1.342
Slovakia,SVK,2009,70.0,17.016619,0.47272,12.052,27891.896,10.236091459666232,4.248495242049359,1.433
Slovakia,SVK,2010,75.71,17.262302,0.6055,12.276,29758.174,10.300859129537695,4.326910252115215,1.43
Slovakia,SVK,2011,74.44,17.543333,0.65255,12.5,30481.377,10.32487118594548,4.30999343177405,1.445
Slovakia,SVK,2012,76.71,17.999243,0.79461,12.38,30907.04,10.338739268651343,4.3400320779712045,1.394
Slovakia,SVK,2013,77.8826,18.608278,0.82005,12.44,31090.988,10.344673281254847,4.355202564641144,1.396
Slovakia,SVK,2014,79.9843,19.290087,0.877,12.44,31901.943,10.370422196008962,4.381830365414331,1.422
Slovakia,SVK,2015,77.6347,20.059158,1.15727,12.64,33521.594,10.41994510716466,4.352014492189175,1.403
Slovakia,SVK,2016,80.4759,20.962399,0.78857,12.71,34130.504,10.437946808858817,4.387957760719726,1.478
Slovakia,SVK,2017,81.6257,21.943811,0.88456,12.77,35057.223,10.46473694826459,4.402144163363805,1.521
Slovakia,SVK,2018,80.4489,22.925934,0.83555,12.87,36430.793,10.503169657539509,4.38762220025604,1.545
Slovakia,SVK,2019,82.8537,23.924084,0.8224,12.91,37209.535,10.524320324621897,4.417076401897717,1.566
Slovakia,SVK,2020,89.9209,24.87271,0.89773,13.006243,36216.4,10.49726733389686,4.498930394992089,1.591
Slovenia,SVN,2002,27.8389,20.612047,1.44325,11.165384,31830.555,10.3681819565049,3.3264343231913664,1.21
Slovenia,SVN,2003,31.8548,20.960596,1.24792,11.497692,32827.75,10.39902947327038,3.461188077099519,1.203
Slovenia,SVN,2004,40.81,21.341448,1.37026,11.83,34298.13,10.442846112717382,3.7089271494177143,1.248
Slovenia,SVN,2005,46.81,21.768183,1.41778,11.68,35558.38,10.478931131784698,3.846096855311979,1.263
Slovenia,SVN,2006,54.01,22.179157,1.53705,11.81,37539.46,10.533147925380671,3.9891692146048,1.317
Slovenia,SVN,2007,56.74,22.574232,1.42703,11.75,39995.207,10.596514900916484,4.038479429380705,1.386
Slovenia,SVN,2008,58.0,23.040436,1.62673,11.91,41278.61,10.628099727107893,4.060443010546419,1.529
Slovenia,SVN,2009,64.0,23.411577,1.81184,12.03,37802.09,10.54011967108448,4.1588830833596715,1.538
Slovenia,SVN,2010,70.0,23.539488,2.05133,12.06,38056.18,10.5468187679727,4.248495242049359,1.579
Slovenia,SVN,2011,67.34,23.81321,2.41297,12.21,38226.125,10.551274461364834,4.209754413732928,1.57
Slovenia,SVN,2012,68.35,24.393034,2.56061,12.28,37033.766,10.519585370059682,4.224641563169959,1.587
Slovenia,SVN,2013,72.6756,25.094927,2.56487,12.38,36678.875,10.509956255234837,4.286005702344812,1.553
Slovenia,SVN,2014,71.5863,25.881037,2.36548,12.43,37655.2,10.536226337900978,4.270903714876494,1.581
Slovenia,SVN,2015,73.0987,26.81019,2.19565,12.57,38527.42,10.55912547456847,4.291810582739869,1.576
Slovenia,SVN,2016,75.4985,27.790262,2.00764,12.67,39667.457,10.588286407596817,4.324112788507948,1.587
Slovenia,SVN,2017,78.8854,28.779339,1.8653,12.7,41692.836,10.638084594466678,4.36799616636906,1.622
Slovenia,SVN,2018,79.75,29.717888,1.94593,12.75,43361.094,10.677317866422548,4.378896741664954,1.606
Slovenia,SVN,2019,83.1084,30.5034,2.03922,12.8,44569.586,10.704806977138206,4.420145779785348,1.611
Slovenia,SVN,2020,86.6013,31.057722,2.14156,12.87538,42463.562,10.656401622459295,4.461314827003061,1.594
South Korea,KOR,2002,59.4,10.895057,2.20774,10.868,29395.277,10.288589294163277,4.084294226368599,1.227
South Korea,KOR,2003,65.5,11.438587,2.27722,10.992,30142.46,10.313690087960644,4.182050142641207,1.199
South Korea,KOR,2004,72.7,11.995768,2.44214,11.116,31579.527,10.360264309863393,4.286341384539473,1.164
South Korea,KOR,2005,73.5,12.538508,2.5229,11.24,32886.047,10.40080374345274,4.297285406218791,1.115
South Korea,KOR,2006,78.1,13.100356,2.71934,11.1475,34429.62,10.446672519385226,4.35799005684564,1.145
South Korea,KOR,2007,78.8,13.67895,2.87258,11.055,36257.34,10.498397122544574,4.366912996863833,1.215
South Korea,KOR,2008,81.0,14.180727,2.98887,10.9625,37064.152,10.520405528102536,4.394449154672439,1.19
South Korea,KOR,2009,81.6,14.642528,3.14669,10.87,37176.195,10.523423916070618,4.401829261970061,1.178
South Korea,KOR,2010,83.7,15.127906,3.31578,11.64,39574.05,10.585928879407392,4.4272389774954295,1.226
South Korea,KOR,2011,83.7591,15.570023,3.59199,11.736,40719.227,10.61445566774363,4.427944821518881,1.258
South Korea,KOR,2012,84.07,15.998629,3.8504,11.832,41537.67,10.634356005341806,4.431649785147205,1.274
South Korea,KOR,2013,84.77,16.506495,3.95124,11.928,42709.977,10.662187825319798,4.439941706620314,1.206
South Korea,KOR,2014,87.5568,17.082767,4.07786,12.024,43806.926,10.687547211717527,4.472287725618623,1.197
South Korea,KOR,2015,89.8963,17.66643,3.9782,12.12,44849.105,10.71105891188092,4.4986567837896745,1.202
South Korea,KOR,2016,92.843,18.222977,3.98704,12.218349,46088.242,10.738313142222944,4.530909894542067,1.14
South Korea,KOR,2017,95.0694,18.963062,4.29206,12.317497,47536.79,10.769259216547802,4.554607151211863,1.035
South Korea,KOR,2018,96.0229,19.83118,4.51633,12.417449,48834.445,10.79619118301716,4.564586704687963,0.951
South Korea,KOR,2019,96.1576,20.753437,4.62703,12.518212,49790.867,10.81558685261979,4.565988512072769,0.881
South Korea,KOR,2020,96.5051,21.937458,4.79571,12.619794,49374.094,10.807181152667985,4.569595856689374,0.812
Spain,ESP,2002,20.39,24.68184,0.95971,8.244616,41766.04,10.639838848113063,3.015044584586364,1.251
Spain,ESP,2003,39.93,24.481462,1.02373,8.442308,42223.13,10.650723454135228,3.6871279210751298,1.293
Spain,ESP,2004,44.01,24.120302,1.04089,8.64,42793.39,10.664138930390582,3.784416880823,1.313
Spain,ESP,2005,47.88,23.981306,1.09956,8.92,43570.766,10.682141699861235,3.868697880689772,1.329
Spain,ESP,2006,50.37,23.975435,1.17702,9.03,44572.68,10.704876394265234,3.9193957597575593,1.36
Spain,ESP,2007,55.11,23.806082,1.24053,9.12,45301.285,10.721090677514722,4.009331187895144,1.379
Spain,ESP,2008,59.6,23.856964,1.325,9.19,44926.348,10.712779716766432,4.087655574071304,1.436
Spain,ESP,2009,62.4,24.22623,1.36364,9.25,42852.223,10.665512801326717,4.133565275375382,1.381
Spain,ESP,2010,65.8,24.752085,1.35996,9.36,42695.527,10.66184943963126,4.186619838331271,1.366
Spain,ESP,2011,67.09,25.290552,1.33341,9.48,42271.836,10.651876327677888,4.206035001574797,1.34
Spain,ESP,2012,69.81,25.842503,1.29876,9.51,41034.047,10.62215741571712,4.24577726598231,1.318
Spain,ESP,2013,71.635,26.585194,1.27482,9.615001,40594.914,10.611398066806805,4.271583781345336,1.277
Spain,ESP,2014,76.1867,27.343317,1.24159,9.72,41339.41,10.629571561242283,4.333186906776189,1.315
Spain,ESP,2015,78.6896,27.867893,1.22179,9.91,43053.76,10.670204846343909,4.3655109992959495,1.33
Spain,ESP,2016,80.5613,28.269125,1.18986,10.01,44274.668,10.698167964034552,4.389018385320822,1.332
Spain,ESP,2017,84.6022,28.663626,1.20977,10.075001,45446.25,10.724285587950806,4.437960271002193,1.305
Spain,ESP,2018,86.1072,29.003326,1.24151,10.14,46325.21,10.743441584332707,4.455593031630799,1.26
Spain,ESP,2019,90.7187,29.256737,1.25025,10.375,46896.418,10.755696576251108,4.507763510070773,1.23
Spain,ESP,2020,93.2056,29.49176,1.4091,10.61,41553.45,10.634735829327562,4.534807805723374,1.186
Trinidad and Tobago,TTO,2002,21.9987,7.0984426,0.13178,9.283334,21876.854,9.993184461920087,3.090983360703288,1.672
Trinidad and Tobago,TTO,2003,25.9718,7.134434,0.11501,9.452778,24910.822,10.123057606507444,3.2570113340159437,1.648
Trinidad and Tobago,TTO,2004,27.0243,7.1997194,0.11441,9.622222,26757.908,10.194585334803572,3.296736461247165,1.627
Trinidad and Tobago,TTO,2005,28.9767,7.2991557,0.11431,9.791667,29536.44,10.293380034266374,3.3664920587730585,1.625
Trinidad and Tobago,TTO,2006,30.0037,7.4385056,0.07233,9.961111,33348.75,10.41477556938196,3.4013207073905583,1.624
Trinidad and Tobago,TTO,2007,32.3,7.6209707,0.05922,10.130556,34793.645,10.457190034143895,3.475067230228611,1.622
Trinidad and Tobago,TTO,2008,34.8,7.8516984,0.03072,10.3,35825.332,10.48641051992489,3.5496173867804286,1.617
Trinidad and Tobago,TTO,2009,44.3,8.133319,0.05665,10.3,34212.27,10.44033963063726,3.7909846770510898,1.618
Trinidad and Tobago,TTO,2010,48.5,8.46911,0.04771,10.47,35145.125,10.467241196297378,3.8815637979434374,1.614
Trinidad and Tobago,TTO,2011,55.2,8.864147,0.04024,10.64,34769.76,10.456503322475928,4.01096295328305,1.611
Trinidad and Tobago,TTO,2012,57.5,9.3210125,0.04126,10.653887,36903.69,10.516066825028952,4.051784947803305,1.609
Trinidad and Tobago,TTO,2013,59.9,9.840493,0.05382,10.667773,37994.07,10.545185373899464,4.092676505121403,1.603
Trinidad and Tobago,TTO,2014,62.4,10.421563,0.07599,10.68166,39248.656,10.577672480586068,4.133565275375382,1.602
Trinidad and Tobago,TTO,2015,65.1,11.060678,0.07996,10.695546,38963.965,10.570392523625378,4.175924549214524,1.598
Trinidad and Tobago,TTO,2016,67.8,11.744052,0.08626,10.709433,35914.99,10.48891003607367,4.216562194946349,1.601
Trinidad and Tobago,TTO,2017,70.6,12.449616,0.08519,10.723318,34095.99,10.43693506104882,4.257030144499196,1.594
Trinidad and Tobago,TTO,2018,72.8,13.048499,0.08139,10.737205,33710.02,10.425550401523688,4.28771595520264,1.588
Trinidad and Tobago,TTO,2019,75.0,13.8042755,0.0596,10.751091,33748.707,10.426697384455675,4.31748811353631,1.578
Trinidad and Tobago,TTO,2020,77.2813,14.748323,0.06512,10.764977,30720.887,10.332698060542688,4.347452011708945,1.572
Turkey,TUR,2002,11.38,9.481492,0.50904,5.6553526,14587.895,9.58794735420593,2.431857428698185,2.268
Turkey,TUR,2003,12.33,9.6898575,0.46532,5.7576766,15255.718,9.632709662578735,2.512035317176253,2.202
Turkey,TUR,2004,14.58,9.902761,0.49713,5.86,16583.883,9.716186599097965,2.6796507265805123,2.197
Turkey,TUR,2005,15.46,10.1195135,0.56381,5.97,17902.596,9.792701009246274,2.738256043159276,2.197
Turkey,TUR,2006,18.24,10.335599,0.55292,6.06,18972.01,9.850720014089893,2.9036169846461855,2.193
Turkey,TUR,2007,28.63,10.545346,0.68616,6.14,19909.084,9.898931388968244,3.354455119110024,2.183
Turkey,TUR,2008,34.37,10.6621275,0.68741,6.4,19839.584,9.8954344128771,3.5371840908617425,2.167
Turkey,TUR,2009,36.4,10.696919,0.80362,6.57,18612.193,9.83157218256476,3.594568774642695,2.145
Turkey,TUR,2010,39.82,10.750502,0.79369,7.09,19897.447,9.898346711025244,3.6843692986360503,2.08
Turkey,TUR,2011,43.0657,10.805995,0.79393,7.36,21760.43,9.987848461804044,3.762726856608047,2.047
Turkey,TUR,2012,45.13,10.86427,0.82595,7.49,22517.715,10.022057611741548,3.80954721383891,2.109
Turkey,TUR,2013,46.25,10.949726,0.81206,7.63,24117.312,10.090685201844844,3.834061463958434,2.107
Turkey,TUR,2014,51.0374,11.029984,0.8564,7.8,24888.852,10.122175271357,3.9325586973001543,2.186
Turkey,TUR,2015,53.745,11.113739,0.96732,7.96,25984.803,10.165267146116902,3.984250639425027,2.157
Turkey,TUR,2016,58.3477,11.291841,1.11979,8.1,26489.645,10.184509180892814,4.066419940646342,2.115
Turkey,TUR,2017,64.6846,11.555732,1.17632,8.27,28194.688,10.246888870388249,4.169523151536878,2.082
Turkey,TUR,2018,71.0428,11.888146,1.27093,8.45,28780.303,10.267446508530483,4.263282512321601,2.004
Turkey,TUR,2019,73.9767,12.433345,1.3196,8.63,28741.053,10.266081797792728,4.303750178758955,1.886
Turkey,TUR,2020,77.6696,13.125806,1.36748,8.806321,28976.719,10.274247993454216,4.352463932424732,1.768
Ukraine,UKR,2002,1.87389,20.276207,0.96269,11.03746,12092.789,9.40036460352258,0.6280164841211853,1.127
Ukraine,UKR,2003,3.14813,20.988487,1.07166,11.134922,13342.88,9.498738188222251,1.146808625763489,1.173
Ukraine,UKR,2004,3.48948,21.586117,1.04392,11.232383,15021.066,9.617208894837011,1.2497527279784897,1.215
Ukraine,UKR,2005,3.74976,21.911177,0.99518,11.3298435,15610.573,9.655703720074731,1.3216918379342322,1.221
Ukraine,UKR,2006,4.50612,22.089334,0.91403,11.366391,16901.508,9.735158127699568,1.5054364728139051,1.297
Ukraine,UKR,2007,6.55,22.230085,0.81869,11.40294,18374.014,9.81869266277735,1.8794650496471603,1.343
Ukraine,UKR,2008,11.0,21.881527,0.80991,11.439487,18883.986,9.846069540297549,2.3978952727983707,1.444
Ukraine,UKR,2009,17.9,21.4063,0.82596,11.476035,16092.796,9.686126997419253,2.884800712846709,1.47
Ukraine,UKR,2010,23.3,20.982403,0.80279,11.512583,16811.795,9.729836002379477,3.1484533605716547,1.436
Ukraine,UKR,2011,28.7083,20.538797,0.7109,11.443548,17783.957,9.786052037737376,3.357186279561991,1.464
Ukraine,UKR,2012,35.27,20.566494,0.72363,11.374514,17848.74,9.789688196481023,3.563032744247961,1.528
Ukraine,UKR,2013,40.9541,20.653574,0.733,11.305478,17889.092,9.79194642060319,3.7124519273873178,1.515
Ukraine,UKR,2014,46.236,20.96751,0.65034,11.2364435,16978.812,9.739721492753386,3.8337587154320207,1.466
Ukraine,UKR,2015,48.8846,21.709833,0.61477,11.167409,15403.71,9.642363668478694,3.889462418455098,1.387
Ukraine,UKR,2016,53.001,22.42499,0.48339,11.1592865,15856.8125,9.671354497688808,3.970310781298653,1.391
Ukraine,UKR,2017,58.8895,23.227373,0.44879,11.151165,16310.36,9.69955576771972,4.075662806514594,1.3
Ukraine,UKR,2018,62.5532,23.944244,0.47113,11.1430435,16978.984,9.739731622975029,4.136017394677081,1.233
Ukraine,UKR,2019,70.1248,24.59705,0.43384,11.134922,17636.555,9.777729015703692,4.250276511788882,1.218
Ukraine,UKR,2020,75.0379,25.260464,0.40318,11.1268,17092.54,9.746397389992904,4.317993319231753,1.208
United Kingdom,GBR,2002,56.48,24.275255,1.61383,11.208218,44539.465,10.704130929064318,4.033886593184986,1.633
United Kingdom,GBR,2003,64.82,24.27153,1.58131,11.462161,45759.402,10.731152557786473,4.171614197713401,1.698
United Kingdom,GBR,2004,65.61,24.273647,1.53089,11.716104,46558.13,10.748456918368516,4.1837281233567865,1.747
United Kingdom,GBR,2005,70.0,24.20643,1.55004,11.970047,47529.938,10.769115065167902,4.248495242049359,1.761
United Kingdom,GBR,2006,68.82,24.097013,1.57626,12.250035,48215.047,10.783426429744384,4.231494400369335,1.812
United Kingdom,GBR,2007,75.09,24.083223,1.6183,12.530024,49243.25,10.804527581369662,4.318687394111793,1.863
United Kingdom,GBR,2008,78.39,24.221668,1.60901,12.810012,48833.07,10.796163026265145,4.361696368200631,1.905
United Kingdom,GBR,2009,83.56,24.47731,1.66991,13.09,46241.805,10.741639538051524,4.425564936688365,1.893
United Kingdom,GBR,2010,85.0,24.764212,1.63886,13.21,46917.89,10.756154331594246,4.442651256490317,1.918
United Kingdom,GBR,2011,85.38,25.230919,1.64681,13.19,46949.02,10.756817611149124,4.447111881329816,1.911
United Kingdom,GBR,2012,87.48,25.978079,1.57587,13.34,47328.21,10.764861802620358,4.471410195808567,1.909
United Kingdom,GBR,2013,89.8441,26.680477,1.62096,12.83,47820.28,10.775205096285848,4.49807594607631,1.83
United Kingdom,GBR,2014,91.6133,27.195255,2.26488,12.89,48964.285,10.798846433781357,4.517576457646642,1.811
United Kingdom,GBR,2015,92.0003,27.581654,2.27566,12.9800005,49652.72,10.81280845145715,4.521791837913288,1.801
United Kingdom,GBR,2016,94.7758,27.902828,2.32052,13.07,50346.86,10.826691532746215,4.551514102411352,1.785
United Kingdom,GBR,2017,90.4246,28.249044,2.32602,13.16,51586.676,10.851018701071627,4.504516354272945,1.735
United Kingdom,GBR,2018,90.692,28.630959,2.71124,13.243333,52131.695,10.861528392100237,4.507469150364396,1.676
United Kingdom,GBR,2019,92.5166,29.025927,2.6708,13.326667,52515.684,10.868867146822096,4.527388087876917,1.632
United Kingdom,GBR,2020,94.8182,29.298042,2.93883,13.41,47158.984,10.761279810738152,4.551961373956938,1.571
United States,USA,2002,58.7854,18.056253,2.54745,12.889999,55436.117,10.922986591728352,4.0738935247534735,2.003
United States,USA,2003,61.6971,17.995415,2.55015,12.855,56498.207,10.941964182117708,4.122236928185986,2.025
United States,USA,2004,64.7583,17.961256,2.48686,12.82,58131.633,10.97046525250794,4.170661877692796,2.031
United States,USA,2005,67.9681,17.941292,2.50193,12.83,59604.754,10.995490614973043,4.219038477458939,2.04
United States,USA,2006,68.9312,17.9841,2.54545,12.91,60676.566,11.013312839903271,4.233108905711643,2.087
United States,USA,2007,75.0,18.166191,2.61516,12.95,61306.598,11.02364275071613,4.31748811353631,2.096
United States,USA,2008,74.0,18.444536,2.74481,12.99,60798.434,11.015319311043603,4.30406509320417,2.053
United States,USA,2009,71.0,18.739216,2.79181,13.01,58714.973,10.980450049950656,4.2626798770413155,1.987
United States,USA,2010,71.69,19.014416,2.71444,13.05,59789.414,10.998583900856858,4.272351267864781,1.916
United States,USA,2011,69.7295,19.37694,2.73803,13.1,60245.484,11.006182894186836,4.244623470692368,1.879
United States,USA,2012,74.7,19.901976,2.67273,13.14,61134.53,11.02083212464492,4.3134800921387715,1.862
United States,USA,2013,71.4,20.454966,2.69592,13.2,61958.723,11.0342236842474,4.268297869345539,1.84
United States,USA,2014,73.0,20.979565,2.70881,13.22,63018.805,11.051188452897268,4.290459441148391,1.848
United States,USA,2015,74.5542,21.491934,2.77328,13.25,64359.473,11.072239412757073,4.311526377651989,1.832
United States,USA,2016,85.5444,22.0099,2.83676,13.34,65017.656,11.082414142762048,4.449035539399656,1.804
United States,USA,2017,87.2749,22.56619,2.88357,13.41329,66155.555,11.099764141829878,4.469062907186949,1.753
United States,USA,2018,88.4989,23.169268,2.99045,13.5,67719.766,11.123133380836494,4.482990122558108,1.715
United States,USA,2019,89.4303,23.821184,3.14704,13.59,69112.6,11.1434923375614,4.493459550931464,1.684
United States,USA,2020,90.3447,24.496876,3.42467,13.68,67342.07,11.117540431773357,4.503632354553931,1.616
Uzbekistan,UZB,2002,1.08194,7.9920087,0.29356,10.238681,3604.6934,8.189991997558527,0.078755726021658,2.575
Uzbekistan,UZB,2003,1.9126,8.034127,0.26825,10.328402,3711.7786,8.219266447730742,0.6484635729333053,2.503
Uzbekistan,UZB,2004,2.59373,8.032617,0.27041,10.418908,3939.5305,8.278816832755025,0.9530969941237692,2.496
Uzbekistan,UZB,2005,3.34351,7.9685044,0.23741,10.510207,4160.955,8.333499894216459,1.2070211533852462,2.438
Uzbekistan,UZB,2006,6.38832,7.8548717,0.22395,10.602306,4413.7227,8.392473762006816,1.854471323024219,2.461
Uzbekistan,UZB,2007,7.4906,7.7111416,0.21721,10.695213,4764.564,8.468961311377216,2.013648901129828,2.573
Uzbekistan,UZB,2008,9.08011,7.553919,0.19354,10.788934,5115.644,8.540058574663782,2.2060863070772663,2.635
Uzbekistan,UZB,2009,11.9,7.39497,0.20315,10.883475,5439.551,8.601451799678935,2.4765384001174837,2.559
Uzbekistan,UZB,2010,15.9,7.241927,0.1543,10.978846,5760.805,8.65883250086929,2.766319109226186,2.442
Uzbekistan,UZB,2011,18.6,7.105927,0.14877,11.075052,6100.251,8.716085196855849,2.923161580719156,2.354
Uzbekistan,UZB,2012,23.6,7.0032377,0.15512,11.172101,6435.5645,8.769594839570479,3.1612467120315646,2.337
Uzbekistan,UZB,2013,26.8,6.948833,0.155,11.27,6797.775,8.82435063173832,3.288401887516811,2.445
Uzbekistan,UZB,2014,35.5,6.9526367,0.15335,11.34,7145.11,8.874183485626846,3.56953269648137,2.546
Uzbekistan,UZB,2015,42.8,7.0614867,0.16497,11.36,7529.7637,8.926618939159443,3.756538102587751,2.583
Uzbekistan,UZB,2016,46.7913,7.2494354,0.17238,11.67,7839.978,8.966991307218068,3.8456972882066336,2.564
Uzbekistan,UZB,2017,48.7,7.4553757,0.14834,11.72,8047.0537,8.993061303418262,3.885679030088544,2.57
Uzbekistan,UZB,2018,55.2,7.6871295,0.12394,11.77,8348.961,9.02989237896498,4.01096295328305,2.713
Uzbekistan,UZB,2019,70.4,7.9407816,0.11306,11.9,8755.126,9.07739463639252,4.254193263163997,2.869
Uzbekistan,UZB,2020,71.1,8.172302,0.1385,11.89,8727.411,9.074224041276093,4.264087336809195,3.062
