country,code,year,internet_use,odr,tfp,patens,schooling,complete_case
Argentina,ARG,2001,9.78081,15.598366,1.0689996,18.365534,8.87,True
Argentina,ARG,2002,10.8821,15.660251,0.97789836,18.880156,9.395,True
Argentina,ARG,2003,11.9137,15.697126,1.0420003,20.611967,9.92,True
Argentina,ARG,2004,16.0367,15.728183,1.0872892,20.249426,10.01,True
Argentina,ARG,2005,17.7206,15.785692,1.1313851,26.876244,10.099999,True
Argentina,ARG,2006,20.9272,15.861772,1.176056,25.743198,10.19,True
Argentina,ARG,2007,25.9466,15.92414,1.2184323,23.415188,10.299999,True
Argentina,ARG,2008,28.1126,16.001131,1.2148551,19.814888,10.41,True
Argentina,ARG,2009,34.0,16.126095,1.131392,15.665222,10.54,True
Argentina,ARG,2010,45.0,16.261354,1.198247,13.369277,10.6,True
Argentina,ARG,2011,51.0,16.419804,1.2175671,16.48668,10.7,True
Argentina,ARG,2012,55.8,16.602554,1.1764957,17.432875,10.79,True
Argentina,ARG,2013,59.9,16.786158,1.1721092,15.100116,10.89,True
Argentina,ARG,2014,64.7,16.980867,1.1229379,11.830586,10.91,True
Argentina,ARG,2015,68.0431,17.196882,1.1200236,12.558361,10.92,True
Argentina,ARG,2016,70.969,17.409235,1.1064203,20.13653,10.93,True
Argentina,ARG,2017,74.2949,17.615713,1.1069436,8.873556,11.015,True
Argentina,ARG,2018,77.7,17.844986,1.0631099,9.517436,11.1,True
Argentina,ARG,2019,79.947,18.07671,1.0276719,9.828017,11.12,True
Argentina,ARG,2020,85.5144,18.258383,0.9987635,20.57888,11.14,True
Austria,AUT,2001,39.1855,22.82534,0.9999362,225.6819,11.197144,True
Austria,AUT,2002,36.56,22.752909,1.002169,239.05101,11.287857,True
Austria,AUT,2003,42.7,22.713715,0.99788177,261.038,11.3785715,True
Austria,AUT,2004,54.28,23.113382,1.0053371,275.0868,11.469286,True
Austria,AUT,2005,58.0,23.909576,1.016857,275.89294,11.56,True
Austria,AUT,2006,63.6,24.677717,1.032411,274.65216,11.545,True
Austria,AUT,2007,69.37,25.223736,1.0489863,287.50574,11.53,True
Austria,AUT,2008,72.87,25.597082,1.0402191,276.15228,11.47,True
Austria,AUT,2009,73.45,25.974312,1.0118222,271.23486,11.67,True
Austria,AUT,2010,75.17,26.135977,1.0178126,289.83414,11.71,True
Austria,AUT,2011,78.74,26.210209,1.0243318,256.68393,11.71,True
Austria,AUT,2012,80.03,26.547684,1.0232188,267.85318,11.75,True
Austria,AUT,2013,80.6188,26.969772,1.0133867,254.95815,11.79,True
Austria,AUT,2014,80.9958,27.295645,1.009378,244.78268,12.01,True
Austria,AUT,2015,83.9401,27.436342,1.0167227,255.12863,12.08,True
Austria,AUT,2016,84.3237,27.537218,1.015063,237.84811,12.11,True
Austria,AUT,2017,87.9356,27.769827,1.0197301,235.63336,12.16,True
Austria,AUT,2018,87.4791,28.06836,1.0200267,230.64252,12.21,True
Austria,AUT,2019,87.7522,28.405727,1.0150965,232.65976,12.26,True
Austria,AUT,2020,87.5294,28.831335,0.99616605,238.20033,12.310628,True
Belgium,BEL,2001,31.2884,25.765669,1.0257866,55.50927,10.638674,True
Belgium,BEL,2002,46.33,25.883877,1.021553,58.164375,10.735822,True
Belgium,BEL,2003,49.97,26.014877,1.0176897,50.018635,10.832969,True
Belgium,BEL,2004,53.86,26.170734,1.036837,49.322834,10.930116,True
Belgium,BEL,2005,55.82,26.215378,1.0386536,49.338573,11.027264,True
Belgium,BEL,2006,61.9819,26.057182,1.0389934,46.45449,11.05,True
Belgium,BEL,2007,66.7604,25.866674,1.0503953,42.726597,11.115001,True
Belgium,BEL,2008,68.8573,25.825718,1.0341473,53.68828,11.18,True
Belgium,BEL,2009,74.5441,25.88472,1.0133513,61.964565,11.32,True
Belgium,BEL,2010,77.6398,25.937328,1.0206214,56.903778,11.42,True
Belgium,BEL,2011,81.61,26.207418,1.0178566,57.617756,11.47,True
Belgium,BEL,2012,80.72,26.667126,1.0103737,67.97557,11.5,True
Belgium,BEL,2013,82.1702,27.11712,1.0073644,64.0715,11.54,True
Belgium,BEL,2014,85.0012,27.592287,1.0143888,79.31087,11.64,True
Belgium,BEL,2015,85.0529,27.986889,1.0154812,84.174515,11.89,True
Belgium,BEL,2016,86.5165,28.366632,1.007934,93.015686,11.99,True
Belgium,BEL,2017,87.6797,28.818588,1.0015641,87.99878,12.24,True
Belgium,BEL,2018,88.6473,29.25665,0.99875265,78.06036,12.309999,True
Belgium,BEL,2019,90.2754,29.676115,1.0013695,76.24698,12.38,True
Belgium,BEL,2020,91.5264,30.023865,0.99359107,74.70574,12.533869,True
Bulgaria,BGR,2001,7.6123,24.716469,1.2024862,35.33462,10.04,True
Bulgaria,BGR,2002,9.08,24.902113,1.181242,36.8756,10.116,True
Bulgaria,BGR,2003,12.04,24.984062,1.1538699,35.754124,10.192,True
Bulgaria,BGR,2004,18.13,25.038193,1.1302096,34.08122,10.268,True
Bulgaria,BGR,2005,19.97,25.12612,1.1212928,34.07768,10.344,True
Bulgaria,BGR,2006,27.09,25.254244,1.0943666,31.969385,10.42,True
Bulgaria,BGR,2007,33.64,25.437561,1.0598185,27.964287,10.54,True
Bulgaria,BGR,2008,39.67,25.708519,1.0141115,33.232964,10.59,True
Bulgaria,BGR,2009,45.0,26.05655,0.969937,32.50747,10.64,True
Bulgaria,BGR,2010,46.23,26.528156,0.98496974,32.85738,10.72,True
Bulgaria,BGR,2011,47.98,27.242834,0.9974404,35.65437,10.78,True
Bulgaria,BGR,2012,51.9,28.071342,0.9863507,33.534595,10.9,True
Bulgaria,BGR,2013,53.0615,28.892996,0.95969296,39.38545,11.01,True
Bulgaria,BGR,2014,55.4904,29.768232,0.9405255,30.818941,11.05,True
Bulgaria,BGR,2015,56.6563,30.669558,0.9434455,40.090347,11.19,True
Bulgaria,BGR,2016,59.8255,31.457138,0.95942885,33.36167,11.23,True
Bulgaria,BGR,2017,63.4101,32.123592,0.9473193,29.69074,11.24,True
Bulgaria,BGR,2018,64.782,32.804527,0.9526094,26.822443,11.296666,True
Bulgaria,BGR,2019,67.947,33.48661,0.9562247,28.110579,11.353333,True
Bulgaria,BGR,2020,70.1625,33.942352,0.9373689,36.484673,11.41,True
Brazil,BRA,2001,4.52849,8.0335,1.1931081,19.50639,5.449134,True
Brazil,BRA,2002,9.14943,8.148427,1.1849068,19.50102,5.626089,True
Brazil,BRA,2003,13.2076,8.28018,1.1679484,21.403734,5.803045,True
Brazil,BRA,2004,19.0737,8.433473,1.1807368,22.13766,5.98,True
Brazil,BRA,2005,21.0227,8.603754,1.1770005,21.950521,6.15,True
Brazil,BRA,2006,28.1784,8.790338,1.1768944,21.194397,6.32,True
Brazil,BRA,2007,30.88,8.995364,1.211828,22.243162,6.5,True
Brazil,BRA,2008,33.83,9.21638,1.2225838,22.482853,6.67,True
Brazil,BRA,2009,39.22,9.455102,1.1908065,22.235533,6.77,True
Brazil,BRA,2010,40.65,9.712189,1.2153322,21.82735,6.88,True
Brazil,BRA,2011,45.69,9.987028,1.196606,24.041819,7.01,True
Brazil,BRA,2012,48.56,10.28778,1.1798608,24.370657,7.22,True
Brazil,BRA,2013,51.04,10.622589,1.1638108,24.9851,7.29,True
Brazil,BRA,2014,54.551,11.003381,1.1286242,23.28509,7.38,True
Brazil,BRA,2015,58.328,11.421241,1.0751386,23.01221,7.51,True
Brazil,BRA,2016,60.8725,11.855821,1.0378399,25.58827,7.73,True
Brazil,BRA,2017,67.4713,12.312962,1.0422541,26.770433,7.85,True
Brazil,BRA,2018,70.4343,12.799934,1.033759,24.162176,7.98,True
Brazil,BRA,2019,73.9124,13.304682,1.0113676,26.338184,8.125778,True
Brazil,BRA,2020,81.3427,13.776498,1.0442489,25.30422,8.274219,True
Canada,CAN,2001,60.2,18.41946,1.007176,127.75276,12.66,True
Canada,CAN,2002,61.5933,18.486765,1.0147673,126.24685,12.792,True
Canada,CAN,2003,64.2,18.578287,1.0078976,124.168594,12.924,True
Canada,CAN,2004,65.956,18.688955,1.008249,163.78195,13.056,True
Canada,CAN,2005,71.66,18.82275,1.0154066,160.7494,13.188,True
Canada,CAN,2006,72.4,19.020521,1.013983,169.53632,13.32,True
Canada,CAN,2007,73.2,19.283382,1.0032994,151.96623,13.368,True
Canada,CAN,2008,76.7,19.590803,0.9889632,152.2229,13.416,True
Canada,CAN,2009,80.3,19.934359,0.9710511,150.66873,13.464,True
Canada,CAN,2010,80.3,20.328604,0.9732486,133.80031,13.512,True
Canada,CAN,2011,83.0,20.842978,0.9827247,138.44228,13.56,True
Canada,CAN,2012,83.0,21.498909,0.9761955,135.65369,13.594,True
Canada,CAN,2013,85.8,22.203104,0.98145515,130.18446,13.628,True
Canada,CAN,2014,87.12,22.898956,0.99777377,118.473564,13.662,True
Canada,CAN,2015,90.0,23.596266,0.98729354,119.788826,13.696,True
Canada,CAN,2016,91.16,24.283844,0.9869128,112.93019,13.73,True
Canada,CAN,2017,92.7014,24.950378,0.9973018,110.90414,13.757999,True
Canada,CAN,2018,94.64,25.611784,0.9996474,117.310295,13.785999,True
Canada,CAN,2019,91.9129,26.33071,1.0001396,112.65735,13.814,True
Canada,CAN,2020,92.3,27.151901,1.0243056,117.069664,13.842,True
Switzerland,CHE,2001,55.1,22.899752,0.9516195,257.1283,10.751395,True
Switzerland,CHE,2002,61.4,22.948147,0.94257045,250.79779,10.865111,True
Switzerland,CHE,2003,65.1,22.997316,0.92959565,249.489,10.978828,True
Switzerland,CHE,2004,67.8,23.119957,0.930697,235.73592,11.0925455,True
Switzerland,CHE,2005,70.1,23.293587,0.9407758,220.919,11.206262,True
Switzerland,CHE,2006,75.7,23.535736,0.9551644,232.49805,11.7396965,True
Switzerland,CHE,2007,77.2,23.815544,0.96489465,224.07281,12.273131,True
Switzerland,CHE,2008,79.2,24.072485,0.9652151,208.42935,12.806565,True
Switzerland,CHE,2009,81.3,24.385843,0.93307257,217.46342,13.34,True
Switzerland,CHE,2010,83.9,24.721697,0.96581095,207.28676,13.32,True
Switzerland,CHE,2011,85.193,25.09604,0.95731294,201.83514,13.33,True
Switzerland,CHE,2012,85.2,25.52379,0.95427376,185.07262,13.41,True
Switzerland,CHE,2013,86.34,25.904753,0.96437716,188.51956,13.525001,True
Switzerland,CHE,2014,83.6173,26.254032,0.96962625,180.73799,13.64,True
Switzerland,CHE,2015,87.4791,26.57493,0.9619675,178.33003,13.71,True
Switzerland,CHE,2016,89.1347,26.86407,0.9626375,174.6018,13.67,True
Switzerland,CHE,2017,89.6861,27.192087,0.96607834,158.1904,13.735,True
Switzerland,CHE,2018,91.8,27.573006,0.979909,150.68715,13.8,True
Switzerland,CHE,2019,93.1461,27.96445,0.9779527,159.64493,13.86,True
Switzerland,CHE,2020,94.3499,28.298746,0.97406924,160.21918,13.904489,True
Chile,CHL,2001,19.1,12.808261,1.0739566,15.684925,9.285988,True
Chile,CHL,2002,22.1,13.0300665,1.0639421,24.65644,9.423992,True
Chile,CHL,2003,25.4738,13.231053,1.0694257,20.530739,9.5619955,True
Chile,CHL,2004,28.1779,13.418286,1.0906758,23.598715,9.7,True
Chile,CHL,2005,31.1753,13.600696,1.1005614,22.081161,9.736667,True
Chile,CHL,2006,34.4978,13.775527,1.0966445,17.626541,9.773334,True
Chile,CHL,2007,35.9,13.954079,1.0931687,24.172873,9.81,True
Chile,CHL,2008,37.3,14.1463375,1.0766135,31.533962,10.11,True
Chile,CHL,2009,41.56,14.360988,1.0285883,20.164928,9.98,True
Chile,CHL,2010,45.0,14.595776,1.0355221,19.09034,9.85,True
Chile,CHL,2011,52.2496,14.853619,1.0392342,19.53686,9.54,True
Chile,CHL,2012,55.05,15.14939,1.0405397,19.179047,9.775,True
Chile,CHL,2013,58.0,15.499975,1.0232389,19.223152,10.01,True
Chile,CHL,2014,61.11,15.898108,1.0088176,25.302008,10.135,True
Chile,CHL,2015,76.6296,16.333118,0.99244136,24.546165,10.26,True
Chile,CHL,2016,83.5586,16.763685,0.9820885,21.130745,10.425,True
Chile,CHL,2017,82.3275,17.137245,0.9719442,22.900105,10.59,True
Chile,CHL,2018,84.9,17.478594,0.98402673,21.489223,10.761073,True
Chile,CHL,2019,85.0176,17.844751,0.9624961,22.815182,10.93491,True
Chile,CHL,2020,87.4593,18.28098,0.9637323,19.204338,11.111555,True
China,CHN,2001,2.63965,10.456783,0.524457,23.617565,6.2139997,True
China,CHN,2002,4.5957,10.623163,0.5405714,31.088722,6.308,True
China,CHN,2003,6.2,10.76924,0.5591772,44.061626,6.402,True
China,CHN,2004,7.3,10.885056,0.5800504,50.757866,6.496,True
China,CHN,2005,8.52326,10.985074,0.59212106,71.706345,6.5899997,True
China,CHN,2006,10.5232,11.13031,0.63392216,93.29987,6.684,True
China,CHN,2007,16.0,11.308461,0.70097435,116.14063,6.778,True
China,CHN,2008,22.6,11.479623,0.73548687,146.89032,6.8719997,True
China,CHN,2009,28.9,11.663236,0.753161,172.0896,6.966,True
China,CHN,2010,34.3,11.885901,0.7595242,219.08119,7.06,True
China,CHN,2011,38.3,12.16809,0.788436,309.1585,7.154565,True
China,CHN,2012,42.3001,12.515826,0.80022717,395.30124,7.2491302,True
China,CHN,2013,45.8,12.932433,0.8112967,517.1034,7.343695,True
China,CHN,2014,47.9,13.422467,0.8292184,583.97723,7.43826,True
China,CHN,2015,50.3,14.033434,0.8511131,701.70306,7.532825,True
China,CHN,2016,53.2,14.731024,0.87279534,868.2733,7.62739,True
China,CHN,2017,54.3,15.536675,0.89887655,892.2043,7.7219553,True
China,CHN,2018,59.2,16.41245,0.9245694,993.6233,7.81652,True
China,CHN,2019,64.0809,17.291328,0.9467534,883.3759,7.8832603,True
China,CHN,2020,70.0528,18.217321,0.95937437,953.0274,7.95,True
Colombia,COL,2001,2.8542,7.3067026,0.98241574,1.6368977,6.9145455,True
Colombia,COL,2002,4.6,7.392157,0.96400124,1.3391303,6.966364,True
Colombia,COL,2003,7.38892,7.4872613,0.9695262,2.003057,7.018182,True
Colombia,COL,2004,9.11869,7.5951457,0.9862965,1.8294222,7.07,True
Colombia,COL,2005,11.0073,7.716467,0.98604935,2.3499265,7.28,True
Colombia,COL,2006,15.3417,7.8685093,0.99508196,3.3262215,6.8,True
Colombia,COL,2007,21.8,8.054918,0.9915318,2.9605389,7.19,True
Colombia,COL,2008,25.6,8.271696,0.97869986,2.8794203,7.32,True
Colombia,COL,2009,30.0,8.508047,0.96588093,2.891248,7.25,True
Colombia,COL,2010,36.5,8.754584,0.97018915,2.9702537,7.39,True
Colombia,COL,2011,40.3509,9.026164,0.9905114,4.0433397,7.52,True
Colombia,COL,2012,48.98,9.327792,0.99001795,4.6592197,7.63,True
Colombia,COL,2013,51.7,9.648875,1.0027949,5.4386,7.83,True
Colombia,COL,2014,52.5681,10.005731,1.0146819,5.5835414,7.99,True
Colombia,COL,2015,55.905,10.388644,0.9988285,6.8341584,8.05,True
Colombia,COL,2016,58.1365,10.750945,0.9930336,11.488798,8.22,True
Colombia,COL,2017,62.2599,11.079108,0.9837906,12.362075,8.360001,True
Colombia,COL,2018,64.1264,11.397068,0.9820841,8.465161,8.5,True
Colombia,COL,2019,65.0069,11.747709,0.99029565,8.455561,8.64,True
Colombia,COL,2020,69.7953,12.10842,1.0182022,7.2881694,8.86,True
Costa Rica,CRI,2001,9.55948,8.931362,0.876691,5.238283,7.6574225,True
Costa Rica,CRI,2002,19.8949,9.09013,0.86061144,5.6431956,7.7567115,True
Costa Rica,CRI,2003,20.3336,9.265845,0.86045957,7.9733562,7.856001,True
Costa Rica,CRI,2004,20.7923,9.451667,0.8544682,6.190361,7.95529,True
Costa Rica,CRI,2005,22.07,9.648719,0.85140276,3.989449,8.054579,True
Costa Rica,CRI,2006,25.1,9.860257,0.8719356,5.0910134,8.0322895,True
Costa Rica,CRI,2007,28.4,10.086601,0.88825554,4.5659513,8.01,True
Costa Rica,CRI,2008,32.29,10.326975,0.8886369,5.4053373,8.29,True
Costa Rica,CRI,2009,34.33,10.585586,0.8755197,3.5557208,8.36,True
Costa Rica,CRI,2010,36.5,10.867282,0.9118694,1.7559409,8.23,True
Costa Rica,CRI,2011,39.2122,11.180407,0.9073299,2.8200588,8.35,True
Costa Rica,CRI,2012,47.5,11.52617,0.94026464,1.9297014,8.41,True
Costa Rica,CRI,2013,45.96,11.906108,0.94343,3.816675,8.58,True
Costa Rica,CRI,2014,53.0,12.3127775,0.94782925,3.1465545,8.75,True
Costa Rica,CRI,2015,59.763,12.736815,0.94284153,3.528407,8.58,True
Costa Rica,CRI,2016,65.8804,13.177708,0.9327628,1.8491892,8.56,True
Costa Rica,CRI,2017,71.5817,13.641945,0.94302267,3.8671515,8.64,True
Costa Rica,CRI,2018,73.4797,14.144039,0.9583622,1.6136131,8.72,True
Costa Rica,CRI,2019,81.2026,14.68058,0.964836,3.2002861,8.76,True
Costa Rica,CRI,2020,80.5302,15.228703,1.0061431,2.3836386,8.8,True
Czechia,CZE,2001,14.6972,19.678167,0.7864029,55.595768,11.176666,True
Czechia,CZE,2002,23.93,19.620287,0.7848865,51.584225,11.365334,True
Czechia,CZE,2003,34.3,19.567032,0.8061163,61.310585,11.554,True
Czechia,CZE,2004,35.5,19.584425,0.8299774,61.095795,11.742666,True
Czechia,CZE,2005,35.27,19.731047,0.8645315,57.387875,11.931334,True
Czechia,CZE,2006,47.93,19.98531,0.90547067,62.60435,12.12,True
Czechia,CZE,2007,51.93,20.324179,0.9318483,69.52248,12.14,True
Czechia,CZE,2008,62.97,20.81182,0.9288577,68.56304,12.19,True
Czechia,CZE,2009,64.43,21.426569,0.88832325,75.546234,12.29,True
Czechia,CZE,2010,68.82,22.034714,0.9040317,82.86863,12.39,True
Czechia,CZE,2011,70.49,22.866373,0.9085084,74.59922,12.47,True
Czechia,CZE,2012,73.43,23.996105,0.90052444,82.4867,12.52,True
Czechia,CZE,2013,74.1104,25.116043,0.8950046,93.58708,12.6,True
Czechia,CZE,2014,74.2317,26.152357,0.903591,86.457954,12.64,True
Czechia,CZE,2015,75.6688,27.152554,0.9376672,83.4435,12.67,True
Czechia,CZE,2016,76.4812,28.184168,0.94112223,74.955055,12.74,True
Czechia,CZE,2017,78.7192,29.221136,0.97358096,74.944984,12.79,True
Czechia,CZE,2018,80.6882,30.185564,0.98222494,63.78218,12.83,True
Czechia,CZE,2019,80.8669,31.09471,1.0064206,71.683784,12.87,True
Czechia,CZE,2020,81.3389,31.848549,0.990911,62.90979,12.916507,True
Germany,DEU,2001,31.6509,24.89975,0.9387414,607.0315,12.764823,True
Germany,DEU,2002,48.82,25.576183,0.9354855,577.02594,13.109882,True
Germany,DEU,2003,55.9,26.32667,0.9328994,579.37213,13.454941,True
Germany,DEU,2004,64.73,27.256538,0.93570024,587.13275,13.8,True
Germany,DEU,2005,68.71,28.280777,0.94168323,586.4841,13.7,True
Germany,DEU,2006,72.16,29.391438,0.9574862,582.8365,13.6,True
Germany,DEU,2007,75.16,30.260607,0.96672165,581.6836,13.68,True
Germany,DEU,2008,78.0,30.779375,0.96098214,599.6826,13.76,True
Germany,DEU,2009,79.0,31.203934,0.9185058,584.3425,13.83,True
Germany,DEU,2010,82.0,31.26102,0.9394758,575.30896,13.85,True
Germany,DEU,2011,81.27,31.116915,0.96052027,585.3131,13.93,True
Germany,DEU,2012,82.35,31.257746,0.96233785,579.66455,13.98,True
Germany,DEU,2013,84.17,31.53043,0.9622288,587.17395,14.01,True
Germany,DEU,2014,86.1937,31.795439,0.970328,594.6223,14.04,True
Germany,DEU,2015,87.5898,32.001713,0.9741664,580.07056,14.08,True
Germany,DEU,2016,84.1652,32.22578,0.9845557,588.71625,14.13,True
Germany,DEU,2017,84.3942,32.6146,0.9987526,578.11194,14.1050005,True
Germany,DEU,2018,87.0371,32.987793,0.99734634,562.2889,14.08,True
Germany,DEU,2019,88.1345,33.40465,0.99837124,561.20276,14.17,True
Germany,DEU,2020,89.8129,33.90079,0.9853351,508.1717,14.26,True
Denmark,DNK,2001,42.9575,22.232555,0.95849967,327.87296,12.64,True
Denmark,DNK,2002,64.25,22.293934,0.95265526,337.61594,12.805,True
Denmark,DNK,2003,76.26,22.412094,0.9534967,328.72195,12.97,True
Denmark,DNK,2004,80.93,22.582855,0.971465,347.3017,12.92,True
Denmark,DNK,2005,82.74,22.799578,0.9762308,305.93613,12.83,True
Denmark,DNK,2006,86.65,23.053644,0.9810148,276.42538,12.74,True
Denmark,DNK,2007,85.03,23.391354,0.97138375,303.94925,12.65,True
Denmark,DNK,2008,85.02,23.856392,0.9485099,297.43588,12.88,True
Denmark,DNK,2009,86.84,24.481573,0.9188128,274.8459,12.47,True
Denmark,DNK,2010,88.72,25.272459,0.9398379,293.09534,12.43,True
Denmark,DNK,2011,89.81,26.188505,0.9410314,282.55627,12.47,True
Denmark,DNK,2012,92.26,27.123343,0.9438902,251.44986,12.7,True
Denmark,DNK,2013,94.6297,27.910048,0.9481638,238.82747,12.75,True
Denmark,DNK,2014,95.9935,28.53268,0.9527692,243.9986,12.39,True
Denmark,DNK,2015,96.3305,29.02233,0.9578022,257.23663,12.64,True
Denmark,DNK,2016,96.9678,29.437515,0.96432287,270.94925,13.16,True
Denmark,DNK,2017,97.0994,29.872358,0.9768104,258.4571,13.009999,True
Denmark,DNK,2018,97.3192,30.341145,0.98387897,217.82521,12.86,True
Denmark,DNK,2019,98.0464,30.84161,0.9859562,232.35327,12.91,True
Denmark,DNK,2020,96.5491,31.369362,0.9782675,216.24295,12.96,True
Dominican Republic,DOM,2001,4.42939,7.2025857,0.9207021,1.2614269,6.5429583,True
Dominican Republic,DOM,2002,6.82373,7.3237443,0.93391347,1.242624,6.6208262,True
Dominican Republic,DOM,2003,7.89839,7.439406,0.91311246,2.0043159,6.6986938,True
Dominican Republic,DOM,2004,8.86555,7.5318093,0.8903756,2.6359456,6.7765617,True
Dominican Republic,DOM,2005,11.4832,7.6007843,0.9363186,0.8672055,6.8544297,True
Dominican Republic,DOM,2006,14.8449,7.6565013,0.9844635,1.6057923,7.012215,True
Dominican Republic,DOM,2007,17.66,7.7033696,1.0095991,3.5957308,7.17,True
Dominican Republic,DOM,2008,20.82,7.7493105,0.9805718,0.8356723,7.193333,True
Dominican Republic,DOM,2009,27.72,7.804075,0.9576007,1.7534332,7.2166667,True
Dominican Republic,DOM,2010,31.4,7.8852057,0.9864032,1.5274677,7.24,True
Dominican Republic,DOM,2011,38.0,8.00628,0.9694068,1.5082015,7.33,True
Dominican Republic,DOM,2012,42.32,8.168495,0.9563162,1.8867154,7.43,True
Dominican Republic,DOM,2013,45.9,8.367621,0.9644867,1.1771823,7.52,True
Dominican Republic,DOM,2014,49.58,8.581326,0.97133815,1.5510597,7.65,True
Dominican Republic,DOM,2015,54.2158,8.809499,0.9906525,2.3958228,7.72,True
Dominican Republic,DOM,2016,63.8709,9.070161,1.0033324,2.6536686,9.04,True
Dominican Republic,DOM,2017,67.5712,9.364069,1.0013446,1.874969,8.981827,True
Dominican Republic,DOM,2018,74.822,9.688745,1.0151535,1.5766941,8.923654,True
Dominican Republic,DOM,2019,79.7155,10.034597,1.0182947,2.1112456,8.86548,True
Dominican Republic,DOM,2020,81.6173,10.37647,1.0000548,0.9084055,9.150424,True
Spain,ESP,2001,18.1487,24.517242,1.1054913,61.88432,8.046924,True
Spain,ESP,2002,20.39,24.68184,1.0997096,66.68829,8.244616,True
Spain,ESP,2003,39.93,24.481462,1.0923287,66.67829,8.442308,True
Spain,ESP,2004,44.01,24.120302,1.0844628,66.88894,8.64,True
Spain,ESP,2005,47.88,23.981306,1.0794367,69.63987,8.92,True
Spain,ESP,2006,50.37,23.975435,1.0752544,70.0718,9.03,True
Spain,ESP,2007,55.11,23.806082,1.0732859,72.23592,9.12,True
Spain,ESP,2008,59.6,23.856964,1.0571475,79.03538,9.19,True
Spain,ESP,2009,62.4,24.22623,1.0437247,77.561935,9.25,True
Spain,ESP,2010,65.8,24.752085,1.0475299,76.56156,9.36,True
Spain,ESP,2011,67.09,25.290552,1.0442669,73.38045,9.48,True
Spain,ESP,2012,69.81,25.842503,1.0355244,69.82653,9.51,True
Spain,ESP,2013,71.635,26.585194,1.0298717,64.92977,9.615001,True
Spain,ESP,2014,76.1867,27.343317,1.030082,63.559048,9.72,True
Spain,ESP,2015,78.6896,27.867893,1.0429521,60.294292,9.91,True
Spain,ESP,2016,80.5613,28.269125,1.0470847,59.08545,10.01,True
Spain,ESP,2017,84.6022,28.663626,1.0515553,46.530872,10.075001,True
Spain,ESP,2018,86.1072,29.003326,1.0483332,32.598,10.14,True
Spain,ESP,2019,90.7187,29.256737,1.044975,27.335335,10.375,True
Spain,ESP,2020,93.2056,29.49176,0.98976755,30.215738,10.61,True
Estonia,EST,2001,31.5275,22.622168,0.75450015,12.967225,12.35,True
Estonia,EST,2002,41.52,23.103756,0.78405905,13.774604,12.52,True
Estonia,EST,2003,45.32,23.608498,0.80456847,13.131784,12.690001,True
Estonia,EST,2004,53.2,24.092875,0.8339179,19.815786,12.86,True
Estonia,EST,2005,61.45,24.559153,0.86987257,16.97699,13.03,True
Estonia,EST,2006,63.51,25.124868,0.8939672,26.729828,13.2,True
Estonia,EST,2007,66.19,25.622896,0.92288613,32.819168,13.22,True
Estonia,EST,2008,70.58,25.765663,0.8634828,46.369354,13.25,True
Estonia,EST,2009,72.5,25.80307,0.82180035,56.949528,13.32,True
Estonia,EST,2010,74.1,25.893705,0.852148,63.08793,13.33,True
Estonia,EST,2011,76.5,26.216133,0.85869706,46.70648,13.4,True
Estonia,EST,2012,78.3899,26.830133,0.87305987,15.120632,13.45,True
Estonia,EST,2013,80.0043,27.533567,0.8703366,18.968176,13.54,True
Estonia,EST,2014,84.2415,28.300293,0.8886507,33.471657,13.44,True
Estonia,EST,2015,88.4097,29.001812,0.8807393,22.80663,13.49,True
Estonia,EST,2016,87.2402,29.656935,0.895982,22.039991,13.51,True
Estonia,EST,2017,88.1025,30.28229,0.9149756,28.085964,13.56,True
Estonia,EST,2018,89.357,30.747343,0.9417046,18.154627,13.66,True
Estonia,EST,2019,90.2289,31.235085,0.95839614,23.36276,13.6050005,True
Estonia,EST,2020,89.0583,31.864176,0.9475312,15.795151,13.55,True
Finland,FIN,2001,43.1054,22.521505,1.0362717,460.67776,11.642308,True
Finland,FIN,2002,62.43,22.785244,1.0351441,415.72144,11.866154,True
Finland,FIN,2003,69.22,23.121353,1.0416259,378.28403,12.09,True
Finland,FIN,2004,72.39,23.55134,1.0636321,384.64688,12.135,True
Finland,FIN,2005,74.48,23.879652,1.0712197,348.83084,12.18,True
Finland,FIN,2006,79.66,24.362558,1.0886354,344.83624,12.23,True
Finland,FIN,2007,80.78,24.76575,1.1141793,341.10333,12.28,True
Finland,FIN,2008,83.67,24.968086,1.0925413,338.578,12.33,True
Finland,FIN,2009,82.49,25.385824,1.0162418,338.27377,12.37,True
Finland,FIN,2010,86.89,26.062296,1.0397907,322.7459,12.42,True
Finland,FIN,2011,88.71,27.111486,1.047519,306.2206,12.46,True
Finland,FIN,2012,89.88,28.319336,1.0223945,313.633,12.49,True
Finland,FIN,2013,91.5144,29.54942,1.0122297,293.4378,12.55,True
Finland,FIN,2014,86.5304,30.740477,1.0047927,259.81815,12.6,True
Finland,FIN,2015,86.4221,31.837053,1.000669,235.2391,12.63,True
Finland,FIN,2016,87.7036,32.794537,1.0129339,229.28671,12.684999,True
Finland,FIN,2017,87.4689,33.72619,1.0336202,252.3504,12.74,True
Finland,FIN,2018,88.89,34.662674,1.0184942,251.47198,12.805,True
Finland,FIN,2019,89.6074,35.521896,1.0156229,239.24199,12.87,True
Finland,FIN,2020,92.1703,36.336994,0.99703556,287.18466,12.924697,True
France,FRA,2001,26.3259,24.773386,1.0512881,219.98105,9.663571,True
France,FRA,2002,30.18,24.92388,1.061369,218.71107,9.855714,True
France,FRA,2003,36.14,25.015282,1.057183,217.04468,10.047857,True
France,FRA,2004,39.15,25.13288,1.0626407,226.92628,10.24,True
France,FRA,2005,42.87,25.237555,1.0642499,226.76173,10.32,True
France,FRA,2006,46.87,25.226002,1.0785427,228.36317,10.445,True
France,FRA,2007,66.09,25.25662,1.0708028,229.97057,10.57,True
France,FRA,2008,70.68,25.428114,1.0539725,227.69667,10.65,True
France,FRA,2009,71.58,25.66016,1.027373,217.90723,10.63,True
France,FRA,2010,77.28,25.903782,1.0335081,226.80086,10.78,True
France,FRA,2011,77.82,26.440155,1.039964,224.28549,10.85,True
France,FRA,2012,81.44,27.279116,1.031195,221.45169,10.94,True
France,FRA,2013,81.9198,28.13076,1.0345254,222.58273,11.08,True
France,FRA,2014,83.7511,29.01211,1.0354038,218.66307,11.23,True
France,FRA,2015,78.006,29.91792,1.0352886,214.97177,11.33,True
France,FRA,2016,79.2698,30.745068,1.0282587,212.90657,11.35,True
France,FRA,2017,80.5025,31.483984,1.0380622,215.41283,11.41,True
France,FRA,2018,82.0432,32.188873,1.033772,212.97427,11.509999,True
France,FRA,2019,83.3397,32.88816,1.032905,209.29903,11.61,True
France,FRA,2020,84.7064,33.51512,0.99669427,188.91702,11.687574,True
United Kingdom,GBR,2001,33.4811,24.303602,1.0161178,362.3667,10.954275,True
United Kingdom,GBR,2002,56.48,24.275255,1.0208228,347.37802,11.208218,True
United Kingdom,GBR,2003,64.82,24.27153,1.0360421,342.44476,11.462161,True
United Kingdom,GBR,2004,65.61,24.273647,1.0417259,319.69778,11.716104,True
United Kingdom,GBR,2005,70.0,24.20643,1.0479721,295.24246,11.970047,True
United Kingdom,GBR,2006,68.82,24.097013,1.0533098,287.3445,12.250035,True
United Kingdom,GBR,2007,75.09,24.083223,1.059698,283.33826,12.530024,True
United Kingdom,GBR,2008,78.39,24.221668,1.0408983,267.3322,12.810012,True
United Kingdom,GBR,2009,83.56,24.47731,1.00173,256.67883,13.09,True
United Kingdom,GBR,2010,85.0,24.764212,1.0107166,246.78822,13.21,True
United Kingdom,GBR,2011,85.38,25.230919,1.0136423,242.54329,13.19,True
United Kingdom,GBR,2012,87.48,25.978079,1.009097,241.24562,13.34,True
United Kingdom,GBR,2013,89.8441,26.680477,1.0080749,233.43051,12.83,True
United Kingdom,GBR,2014,91.6133,27.195255,1.0140486,235.1594,12.89,True
United Kingdom,GBR,2015,92.0003,27.581654,1.0162838,228.41383,12.9800005,True
United Kingdom,GBR,2016,94.7758,27.902828,1.0157872,211.50182,13.07,True
United Kingdom,GBR,2017,90.4246,28.249044,1.0235486,201.63417,13.16,True
United Kingdom,GBR,2018,90.692,28.630959,1.0219646,194.07443,13.243333,True
United Kingdom,GBR,2019,92.5166,29.025927,1.0181631,181.01184,13.326667,True
United Kingdom,GBR,2020,94.8182,29.298042,0.9727129,179.64162,13.41,True
Greece,GRC,2001,10.935,25.751583,1.1823318,35.44424,9.232857,True
Greece,GRC,2002,14.67,26.213858,1.2008659,34.489014,9.362143,True
Greece,GRC,2003,17.8,26.69733,1.2368528,35.962433,9.491428,True
Greece,GRC,2004,21.42,27.122017,1.2660093,34.59563,9.620714,True
Greece,GRC,2005,24.0,27.462389,1.2396775,42.048492,9.75,True
Greece,GRC,2006,32.25,27.704704,1.2846621,48.274277,10.1,True
Greece,GRC,2007,35.88,27.86911,1.2926409,52.043392,10.06,True
Greece,GRC,2008,38.2,28.047972,1.2651088,56.689747,10.1,True
Greece,GRC,2009,42.4,28.376497,1.211013,62.843155,10.155001,True
Greece,GRC,2010,44.4,28.906973,1.1718526,65.45973,10.21,True
Greece,GRC,2011,51.65,29.595407,1.0777799,65.01635,10.3075,True
Greece,GRC,2012,55.07,30.358494,1.0042844,56.85825,10.405001,True
Greece,GRC,2013,59.8663,31.157486,0.9877078,63.655865,10.502501,True
Greece,GRC,2014,63.2073,31.943096,0.9917553,59.766373,10.6,True
Greece,GRC,2015,66.835,32.67256,1.0105729,50.827644,10.74,True
Greece,GRC,2016,69.0879,33.30777,0.9900999,56.236233,10.25,True
Greece,GRC,2017,69.893,33.835293,1.0045867,46.305428,10.54,True
Greece,GRC,2018,72.2384,34.311337,0.99377793,40.063797,10.83,True
Greece,GRC,2019,75.6712,34.7574,1.0148458,33.204056,11.12,True
Greece,GRC,2020,78.1158,35.25379,0.98893094,37.388073,11.41,True
Guatemala,GTM,2001,1.7382,7.1293173,0.97855353,2.5063868,3.8835146,True
Guatemala,GTM,2002,3.39175,7.107643,0.9854922,0.6532257,3.85,True
Guatemala,GTM,2003,4.54885,7.0711746,0.9818883,0.47900972,3.8,True
Guatemala,GTM,2004,5.1,7.0266495,0.980809,0.7027186,3.75,True
Guatemala,GTM,2005,5.7,6.9816885,0.9857307,1.2989366,3.7,True
Guatemala,GTM,2006,6.5,6.9406066,0.99059254,2.0946388,3.65,True
Guatemala,GTM,2007,7.3,6.908002,1.0098431,0.65924215,3.8416667,True
Guatemala,GTM,2008,8.3,6.885665,1.0056462,0.3588043,4.0333333,True
Guatemala,GTM,2009,9.3,6.870828,0.98672557,0.4924164,4.225,True
Guatemala,GTM,2010,10.5,6.8601956,0.99050534,0.4827549,4.416667,True
Guatemala,GTM,2011,12.3,6.855664,0.9937482,0.27041414,4.6083336,True
Guatemala,GTM,2012,16.0,6.8631897,0.966097,0.46389422,4.8,True
Guatemala,GTM,2013,19.7,6.8906193,0.99815387,0.259954,4.9,True
Guatemala,GTM,2014,23.4,6.935063,0.9933382,0.63768494,5.84,True
Guatemala,GTM,2015,28.8059,6.984918,0.9889506,0.43827403,4.93357,True
Guatemala,GTM,2016,34.5093,7.0382595,0.9737078,0.1844025,5.1201773,True
Guatemala,GTM,2017,37.9,7.1077943,0.9742132,0.18107897,5.3067846,True
Guatemala,GTM,2018,41.5,7.198651,0.98782915,0.3561743,5.4933925,True
Guatemala,GTM,2019,44.401,7.303515,0.9827418,0.4092657,5.68,True
Guatemala,GTM,2020,47.5123,7.371756,0.9711474,0.40328795,5.7357664,True
Hong Kong,HKG,2001,38.6714,15.723694,0.8395595,11.021254,10.385,True
Hong Kong,HKG,2002,43.0824,16.065716,0.8301064,16.60711,10.508,True
Hong Kong,HKG,2003,52.2,16.385752,0.8364587,15.89707,10.6310005,True
Hong Kong,HKG,2004,56.3999,16.656048,0.87036896,18.721899,10.754,True
Hong Kong,HKG,2005,56.9,16.874743,0.89995855,22.89673,10.877,True
Hong Kong,HKG,2006,60.8,17.02947,0.9371028,25.08349,11.0,True
Hong Kong,HKG,2007,64.8,17.114283,0.96339923,23.133757,11.1050005,True
Hong Kong,HKG,2008,66.7,17.210447,0.96555173,24.864182,11.21,True
Hong Kong,HKG,2009,69.4,17.39925,0.93251556,21.368748,11.31,True
Hong Kong,HKG,2010,72.0,17.665506,0.96027243,18.93454,11.4,True
Hong Kong,HKG,2011,72.2,18.028421,0.9608202,25.595339,11.62,True
Hong Kong,HKG,2012,72.9,18.54241,0.9406498,23.915749,11.706667,True
Hong Kong,HKG,2013,74.2,19.206352,0.9464464,31.481146,11.793333,True
Hong Kong,HKG,2014,79.8663,20.030746,0.95042396,26.557854,11.88,True
Hong Kong,HKG,2015,84.9484,20.999338,0.9517263,32.77879,12.02,True
Hong Kong,HKG,2016,87.4794,22.00005,0.97072613,31.758581,12.095,True
Hong Kong,HKG,2017,89.4159,22.984539,0.98962504,43.824055,12.17,True
Hong Kong,HKG,2018,90.5074,24.059305,0.99847627,42.132946,12.2,True
Hong Kong,HKG,2019,91.7434,25.338095,0.97871786,46.08479,12.23,True
Hong Kong,HKG,2020,92.4131,26.805058,0.94991595,56.543243,12.2699995,True
Croatia,HRV,2001,11.5586,24.363249,1.0517938,84.193054,9.93,True
Croatia,HRV,2002,17.76,24.932577,1.0837554,76.240524,10.051001,True
Croatia,HRV,2003,22.75,25.426342,1.0964649,89.92892,10.172,True
Croatia,HRV,2004,30.91,25.830545,1.1065692,89.4392,10.293,True
Croatia,HRV,2005,33.14,26.197708,1.118965,84.2199,10.4140005,True
Croatia,HRV,2006,37.98,26.466389,1.1204785,73.53011,10.535,True
Croatia,HRV,2007,41.44,26.711199,1.1213659,79.81036,10.656,True
Croatia,HRV,2008,44.24,26.90341,1.0945582,76.571365,10.777,True
Croatia,HRV,2009,50.58,26.900831,1.0068476,58.06957,10.898001,True
Croatia,HRV,2010,56.55,26.743357,1.0008829,59.83107,11.019,True
Croatia,HRV,2011,57.79,26.815582,1.016195,53.73051,11.14,True
Croatia,HRV,2012,61.94,27.218641,1.0109451,50.934566,11.267766,True
Croatia,HRV,2013,66.7476,27.684359,1.0207283,54.323154,11.323814,True
Croatia,HRV,2014,68.5679,28.2824,0.9946013,40.460796,11.394281,True
Croatia,HRV,2015,69.845,29.061613,1.0183355,40.70597,11.417611,True
Croatia,HRV,2016,72.6973,29.88142,1.0347286,42.611557,11.54999,True
Croatia,HRV,2017,67.0962,30.829208,1.0426886,36.62091,11.633748,True
Croatia,HRV,2018,75.2946,31.904163,1.0464022,30.335129,11.768991,True
Croatia,HRV,2019,79.0798,32.94143,0.9934159,49.374714,11.849183,True
Croatia,HRV,2020,78.3209,33.901417,0.9074548,29.891119,11.950723,True
Hungary,HUN,2001,14.5286,21.948616,0.8627529,90.20792,10.24,True
Hungary,HUN,2002,16.67,22.067982,0.8899275,82.88537,10.3875,True
Hungary,HUN,2003,21.63,22.201199,0.9044776,74.63311,10.535,True
Hungary,HUN,2004,27.74,22.336739,0.9349878,74.00704,10.6825,True
Hungary,HUN,2005,38.97,22.524538,0.9680193,69.89149,10.83,True
Hungary,HUN,2006,47.06,22.736124,0.9877976,71.29119,11.075,True
Hungary,HUN,2007,53.3,23.003717,0.9825853,68.51781,11.32,True
Hungary,HUN,2008,61.0,23.31548,0.984529,68.04017,11.565001,True
Hungary,HUN,2009,62.0,23.671513,0.92667943,75.52893,11.81,True
Hungary,HUN,2010,65.0,23.971071,0.9292372,64.89985,11.88,True
Hungary,HUN,2011,68.02,24.291315,0.9451492,66.387695,11.92,True
Hungary,HUN,2012,70.58,24.784174,0.9247884,69.755516,11.84,True
Hungary,HUN,2013,72.6439,25.373959,0.92772114,65.02758,12.01,True
Hungary,HUN,2014,75.6532,26.055305,0.92702746,55.527092,11.77,True
Hungary,HUN,2015,72.8347,26.757633,0.93564194,58.074528,11.85,True
Hungary,HUN,2016,79.2594,27.48944,0.9270763,63.116337,11.89,True
Hungary,HUN,2017,76.7505,28.153145,0.9461009,50.993362,11.9800005,True
Hungary,HUN,2018,76.0744,28.833212,0.9760002,41.92866,12.07,True
Hungary,HUN,2019,80.3717,29.75959,1.001378,44.04412,12.16,True
Hungary,HUN,2020,84.7712,30.728916,0.96926683,44.258682,12.25,True
India,IND,2001,0.660146,7.3881416,0.8428673,2.2070723,4.2197094,True
India,IND,2002,1.53788,7.438391,0.83258736,2.4535341,4.296739,True
India,IND,2003,1.68649,7.4913054,0.8541612,3.0667896,4.3737683,True
India,IND,2004,1.97614,7.5334435,0.87125516,3.533477,4.4507976,True
India,IND,2005,2.38807,7.5670853,0.89250463,4.0885916,4.5278273,True
India,IND,2006,2.8055,7.595995,0.9139336,4.8479004,4.634917,True
India,IND,2007,3.95,7.62446,0.9249166,5.2877526,4.742007,True
India,IND,2008,4.38,7.659892,0.90021116,5.3190126,4.8490963,True
India,IND,2009,5.12,7.701442,0.91748923,5.925625,4.956186,True
India,IND,2010,7.5,7.751774,0.94136083,7.1195264,5.063276,True
India,IND,2011,10.07,7.816727,0.93340605,7.009852,5.3,True
India,IND,2012,11.1,7.8957253,0.9361628,7.471018,5.3975782,True
India,IND,2013,12.3,7.986212,0.94183373,8.233336,5.4951563,True
India,IND,2014,13.5,8.130503,0.9717498,9.1748905,5.592734,True
India,IND,2015,14.9,8.332522,1.009523,9.471964,5.690312,True
India,IND,2016,16.5,8.5489645,1.0510694,9.821092,5.78789,True
India,IND,2017,18.2,8.778961,1.0704671,11.003508,6.0139446,True
India,IND,2018,20.0813,9.027744,1.0848575,11.8494835,6.24,True
India,IND,2019,29.5235,9.29327,1.0356905,14.005454,6.28138,True
India,IND,2020,43.4054,9.540343,0.95557636,16.498438,6.49,True
Iceland,ISL,2001,49.393,17.774036,0.8211365,171.94913,11.883761,True
Iceland,ISL,2002,79.12,17.852446,0.83405846,246.93677,12.030321,True
Iceland,ISL,2003,83.14,17.891506,0.85055035,196.8769,12.176881,True
Iceland,ISL,2004,83.88,17.864653,0.8991052,225.97012,12.323441,True
Iceland,ISL,2005,87.0,17.690125,0.9059759,158.39102,12.47,True
Iceland,ISL,2006,89.51,17.368635,0.9050009,148.13254,12.56,True
Iceland,ISL,2007,90.6,17.128061,0.941771,195.78516,12.650001,True
Iceland,ISL,2008,91.0,17.133583,0.9436505,157.52298,12.74,True
Iceland,ISL,2009,93.0,17.523144,0.9453302,200.94255,12.83,True
Iceland,ISL,2010,93.39,18.118298,0.92329973,179.22218,12.92,True
Iceland,ISL,2011,94.8197,18.649313,0.9228448,156.73294,13.01,True
Iceland,ISL,2012,96.2098,19.187864,0.9255003,115.36687,13.099999,True
Iceland,ISL,2013,96.5468,19.68836,0.95177805,101.926094,13.19,True
Iceland,ISL,2014,98.158,20.171316,0.9520898,155.77942,13.28,True
Iceland,ISL,2015,98.2,20.673159,0.96486765,120.9135,13.37,True
Iceland,ISL,2016,98.24,21.017586,0.97855234,104.34088,13.46,True
Iceland,ISL,2017,98.2552,21.09648,0.983257,104.834015,13.549999,True
Iceland,ISL,2018,99.011,21.154247,1.0009459,158.76572,13.639999,True
Iceland,ISL,2019,99.5049,21.380953,1.0140873,130.3517,13.73,True
Iceland,ISL,2020,99.5328,21.817104,0.97097087,120.06669,13.77,True
Israel,ISR,2001,17.3786,15.663969,0.9401896,193.81891,10.635375,True
Israel,ISR,2002,17.7646,15.761427,0.91219944,184.62709,10.68025,True
Israel,ISR,2003,19.5934,15.890467,0.9139219,198.66362,10.725125,True
Israel,ISR,2004,22.7705,15.9619665,0.93525577,226.7587,10.77,True
Israel,ISR,2005,25.194,15.978754,0.9414156,240.83347,11.275001,True
Israel,ISR,2006,27.8811,15.953332,0.9567586,190.25476,11.78,True
Israel,ISR,2007,48.1281,15.864569,0.9625414,224.92723,12.38,True
Israel,ISR,2008,59.39,15.759247,0.9500258,209.06305,12.42,True
Israel,ISR,2009,63.12,15.757552,0.9344341,185.2891,12.46,True
Israel,ISR,2010,67.5,15.904933,0.95132464,190.19885,12.5,True
Israel,ISR,2011,68.8739,16.256376,0.96537566,175.12683,12.6,True
Israel,ISR,2012,70.8,16.781767,0.951151,166.7404,12.69,True
Israel,ISR,2013,70.2503,17.266712,0.95691353,149.0167,12.8,True
Israel,ISR,2014,75.0178,17.668768,0.9610088,136.93295,12.92,True
Israel,ISR,2015,77.3521,18.105732,0.9558087,153.33946,12.96,True
Israel,ISR,2016,79.6531,18.58448,0.95128924,152.11795,13.054043,True
Israel,ISR,2017,81.5812,19.038923,0.9555102,164.80553,13.148768,True
Israel,ISR,2018,83.7332,19.437086,0.95775616,169.54114,13.244182,True
Israel,ISR,2019,86.7879,19.775282,0.9656446,151.09344,13.340287,True
Israel,ISR,2020,90.1273,20.076065,0.97070855,178.1858,13.43709,True
Jamaica,JAM,2001,3.86302,9.717145,1.15963,1.5241562,7.605,True
Jamaica,JAM,2002,6.1,9.466656,1.0918694,5.6805873,7.6885,True
Jamaica,JAM,2003,7.8,9.246425,1.114851,3.3877597,7.772,True
Jamaica,JAM,2004,10.0,9.076242,1.1193271,4.11642,7.8554997,True
Jamaica,JAM,2005,12.8,8.959916,1.1172811,3.7215312,7.9389997,True
Jamaica,JAM,2006,16.4,8.885462,1.099231,7.77499,8.0225,True
Jamaica,JAM,2007,21.1,8.846878,1.0906917,2.210922,8.106,True
Jamaica,JAM,2008,23.6,8.843382,1.0739783,5.503305,8.1895,True
Jamaica,JAM,2009,24.3,8.870632,1.0549973,6.2111917,8.273,True
Jamaica,JAM,2010,27.67,8.920675,1.057921,5.0935616,8.3565,True
Jamaica,JAM,2011,37.4386,8.982701,1.0831349,7.24508,8.44,True
Jamaica,JAM,2012,33.79,9.043028,1.072307,9.017361,8.578174,True
Jamaica,JAM,2013,37.1,9.090715,1.0733836,7.9031873,8.716347,True
Jamaica,JAM,2014,40.4027,9.096011,1.0686933,11.812085,8.854521,True
Jamaica,JAM,2015,42.2212,9.121498,1.0661136,2.4977396,8.992695,True
Jamaica,JAM,2016,44.3669,9.219648,1.0519847,6.7617702,9.130868,True
Jamaica,JAM,2017,55.0721,9.338561,1.0399845,3.9065773,9.269042,True
Jamaica,JAM,2018,68.2145,9.478412,1.0463707,9.219541,9.407215,True
Jamaica,JAM,2019,70.841,9.658679,1.0323443,4.958787,9.545389,True
Jamaica,JAM,2020,76.384,9.873556,0.9842379,3.5326464,9.683563,True
Jordan,JOR,2001,4.70572,4.8418365,0.9112959,9.456447,7.50638,True
Jordan,JOR,2002,6.02553,4.9819183,0.9557885,3.7392724,7.65319,True
Jordan,JOR,2003,8.46601,5.119338,0.98228383,4.354014,7.8,True
Jordan,JOR,2004,11.6587,5.2447996,1.0215216,7.140354,8.144,True
Jordan,JOR,2005,12.9329,5.357383,1.0395218,8.126593,8.488,True
Jordan,JOR,2006,13.8671,5.450203,1.0693088,11.668845,8.832001,True
Jordan,JOR,2007,20.0,5.5217834,1.0643784,8.641869,9.176001,True
Jordan,JOR,2008,23.0,5.587946,1.0829816,7.153213,9.52,True
Jordan,JOR,2009,26.0,5.647468,1.0757928,8.4012985,9.565,True
Jordan,JOR,2010,27.2,5.704224,1.0543662,6.1668816,9.61,True
Jordan,JOR,2011,34.9,5.76494,1.0440018,5.3472905,9.763377,True
Jordan,JOR,2012,37.0,5.84022,1.0545524,6.326505,9.916754,True
Jordan,JOR,2013,41.4,5.716458,1.0795105,4.379484,10.070131,True
Jordan,JOR,2014,46.2,5.4289975,1.0766894,4.549741,10.223508,True
Jordan,JOR,2015,54.22,5.363327,1.0276264,4.2955647,10.376885,True
Jordan,JOR,2016,56.15,5.493004,0.99838156,2.1986,10.530262,True
Jordan,JOR,2017,64.5,5.651639,0.9968479,2.540495,10.68364,True
Jordan,JOR,2018,65.2,5.824267,1.0127085,2.2939494,10.35,True
Jordan,JOR,2019,70.0847,6.0005617,0.9867264,1.9677862,10.400001,True
Jordan,JOR,2020,78.4178,6.163288,0.95791423,3.313322,10.45,True
Japan,JPN,2001,38.5321,26.591896,0.98855996,3041.8406,12.1295,True
Japan,JPN,2002,46.5942,27.594088,0.99095833,2898.9604,12.174,True
Japan,JPN,2003,48.4353,28.480116,0.99645615,2804.4912,12.2185,True
Japan,JPN,2004,62.3939,29.448343,1.0039294,2883.6343,12.263,True
Japan,JPN,2005,66.9211,30.700607,1.0118932,2879.7947,12.3075,True
Japan,JPN,2006,68.6853,32.050274,1.009513,2714.5024,12.352,True
Japan,JPN,2007,74.3,33.330166,1.0143917,2605.4329,12.3965,True
Japan,JPN,2008,75.4,34.59508,1.0016049,2577.7156,12.441,True
Japan,JPN,2009,78.0,35.62427,0.96292824,2306.3015,12.485499,True
Japan,JPN,2010,78.21,36.289238,0.9951538,2265.019,12.53,True
Japan,JPN,2011,79.0541,37.43803,0.99475014,2249.6538,12.544,True
Japan,JPN,2012,79.4964,39.276196,1.0014651,2248.8071,12.558,True
Japan,JPN,2013,88.2194,41.242035,1.0174806,2132.1433,12.572,True
Japan,JPN,2014,89.1068,43.048412,1.0105815,2089.624,12.5859995,True
Japan,JPN,2015,91.058,44.6086,1.0184702,2035.842,12.599999,True
Japan,JPN,2016,93.1827,45.936916,1.0163443,2047.9398,12.614,True
Japan,JPN,2017,91.7265,46.98285,1.0210351,2049.9954,12.628,True
Japan,JPN,2018,88.7464,47.792377,1.0180811,2000.0631,12.642,True
Japan,JPN,2019,92.7304,48.386402,1.0141984,1937.6624,12.656,True
Japan,JPN,2020,90.2195,48.97967,0.985455,1800.6194,12.67,True
South Korea,KOR,2001,56.6,10.366291,0.8208683,1556.1272,10.7439995,True
South Korea,KOR,2002,59.4,10.895057,0.84741837,1607.103,10.868,True
South Korea,KOR,2003,65.5,11.438587,0.8518989,1885.7509,10.992,True
South Korea,KOR,2004,72.7,11.995768,0.864474,2188.9453,11.116,True
South Korea,KOR,2005,73.5,12.538508,0.8790547,2535.833,11.24,True
South Korea,KOR,2006,78.1,13.100356,0.89005727,2590.43,11.1475,True
South Korea,KOR,2007,78.8,13.67895,0.9132765,2643.6191,11.055,True
South Korea,KOR,2008,81.0,14.180727,0.92842954,2591.27,10.9625,True
South Korea,KOR,2009,81.6,14.642528,0.9248604,2582.0642,10.87,True
South Korea,KOR,2010,83.7,15.127906,0.95667803,2659.8196,11.64,True
South Korea,KOR,2011,83.7591,15.570023,0.9610333,2764.1829,11.736,True
South Korea,KOR,2012,84.07,15.998629,0.9564385,2950.925,11.832,True
South Korea,KOR,2013,84.77,16.506495,0.9612205,3172.3481,11.928,True
South Korea,KOR,2014,87.5568,17.082767,0.9652677,3233.1785,12.024,True
South Korea,KOR,2015,89.8963,17.66643,0.9627183,3278.941,12.12,True
South Korea,KOR,2016,92.843,18.222977,0.9687884,3190.7656,12.218349,True
South Korea,KOR,2017,95.0694,18.963062,0.9808702,3097.3147,12.317497,True
South Korea,KOR,2018,96.0229,19.83118,0.99311066,3151.3196,12.417449,True
South Korea,KOR,2019,96.1576,20.753437,0.9947511,3315.0505,12.518212,True
South Korea,KOR,2020,96.5051,21.937458,0.9873569,3481.6763,12.619794,True
Lithuania,LTU,2001,7.17936,21.430017,0.68288594,19.591923,11.132706,True
Lithuania,LTU,2002,17.69,22.078047,0.7053522,24.687292,11.317029,True
Lithuania,LTU,2003,25.91,22.668747,0.75620466,18.739681,11.501352,True
Lithuania,LTU,2004,31.23,23.285152,0.76677364,20.727997,11.685677,True
Lithuania,LTU,2005,36.22,23.90393,0.79783016,20.466343,11.87,True
Lithuania,LTU,2006,43.9,24.476389,0.83439094,19.87823,12.01,True
Lithuania,LTU,2007,49.9,24.937359,0.8766912,19.187359,12.16,True
Lithuania,LTU,2008,55.22,25.293438,0.87471634,27.202538,12.3,True
Lithuania,LTU,2009,59.76,25.521826,0.7893807,28.77092,12.32,True
Lithuania,LTU,2010,62.12,26.088987,0.80323267,34.86928,12.46,True
Lithuania,LTU,2011,63.64,26.765013,0.8450762,30.712175,12.57,True
Lithuania,LTU,2012,67.23,27.087473,0.866789,36.46535,12.56,True
Lithuania,LTU,2013,68.4529,27.389639,0.8891191,39.51034,12.59,True
Lithuania,LTU,2014,72.1335,27.83242,0.8993292,41.875862,12.8,True
Lithuania,LTU,2015,71.3781,28.376804,0.895633,34.694683,12.96,True
Lithuania,LTU,2016,74.3766,29.006653,0.8864,33.016777,13.11,True
Lithuania,LTU,2017,77.6153,29.727137,0.9250271,28.494648,13.19,True
Lithuania,LTU,2018,79.7226,30.241213,0.941888,28.731556,13.293333,True
Lithuania,LTU,2019,81.5819,30.522528,0.9618438,32.016064,13.396667,True
Lithuania,LTU,2020,83.0555,30.67819,0.9768981,33.80339,13.5,True
Luxembourg,LUX,2001,36.1634,20.768738,1.13797,115.50875,10.73,True
Luxembourg,LUX,2002,39.84,20.881996,1.1339393,91.8922,10.995,True
Luxembourg,LUX,2003,54.55,20.888191,1.126486,35.42723,11.26,True
Luxembourg,LUX,2004,65.88,20.898523,1.1301479,50.207928,11.3525,True
Luxembourg,LUX,2005,70.0,20.931463,1.1239872,51.59537,11.445,True
Luxembourg,LUX,2006,72.51,20.844946,1.1432552,55.010506,11.5375,True
Luxembourg,LUX,2007,78.92,20.745607,1.1713191,31.250456,11.63,True
Luxembourg,LUX,2008,82.23,20.643595,1.1063819,98.22982,12.22,True
Luxembourg,LUX,2009,87.31,20.564817,1.0626886,120.53445,12.81,True
Luxembourg,LUX,2010,90.62,20.45781,1.0687613,155.833,12.84,True
Luxembourg,LUX,2011,90.0299,20.311478,1.0420558,163.98282,12.86,True
Luxembourg,LUX,2012,91.9499,20.237148,1.0211569,205.29395,13.0,True
Luxembourg,LUX,2013,93.7765,20.295061,1.0220785,207.96526,13.2,True
Luxembourg,LUX,2014,94.6702,20.418623,1.0068545,230.08382,13.43,True
Luxembourg,LUX,2015,96.3767,20.486761,1.0246216,224.71753,12.46,True
Luxembourg,LUX,2016,98.1367,20.50599,1.0420299,245.69856,12.481209,True
Luxembourg,LUX,2017,97.363,20.569473,1.0202205,261.5975,12.502417,True
Luxembourg,LUX,2018,97.0613,20.66646,1.0028263,250.02055,12.523625,True
Luxembourg,LUX,2019,97.1206,20.803051,0.99582165,188.70937,12.544834,True
Luxembourg,LUX,2020,98.4596,20.987835,0.98805124,204.62581,12.566043,True
Latvia,LVA,2001,7.21935,22.598574,0.6506108,50.060543,11.635788,True
Latvia,LVA,2002,21.94,23.059662,0.6874969,64.9302,11.800526,True
Latvia,LVA,2003,26.98,23.583624,0.723389,39.77351,11.965262,True
Latvia,LVA,2004,38.58,24.121305,0.7632106,47.721687,12.13,True
Latvia,LVA,2005,46.0,24.634823,0.8017202,50.02682,12.25,True
Latvia,LVA,2006,53.63,25.164656,0.8451776,51.389385,12.3,True
Latvia,LVA,2007,59.17,25.601044,0.881231,63.172485,12.17,True
Latvia,LVA,2008,63.41,25.966295,0.84557194,94.61164,12.35,True
Latvia,LVA,2009,66.84,26.475645,0.7917665,112.06213,12.46,True
Latvia,LVA,2010,68.42,27.005856,0.79988766,84.86071,12.56,True
Latvia,LVA,2011,69.75,27.447481,0.81092405,83.99245,12.61,True
Latvia,LVA,2012,73.1199,27.87827,0.8598199,94.87204,12.7,True
Latvia,LVA,2013,75.2344,28.454418,0.8605536,111.793076,12.81,True
Latvia,LVA,2014,75.8261,29.180437,0.8771103,51.660614,12.86,True
Latvia,LVA,2015,79.2006,29.860239,0.90933126,68.772766,12.87,True
Latvia,LVA,2016,79.8421,30.49693,0.9292016,48.48084,12.93,True
Latvia,LVA,2017,80.1141,31.101927,0.9562063,46.33806,13.055,True
Latvia,LVA,2018,83.5772,31.564423,0.9694241,44.624928,13.18,True
Latvia,LVA,2019,86.1355,32.049194,0.95473236,42.8462,13.25,True
Latvia,LVA,2020,88.898,32.630108,0.95015854,48.935802,13.329481,True
Moldova,MDA,2001,1.48781,15.239884,0.44737715,149.75317,10.3736315,True
Moldova,MDA,2002,3.78724,15.260543,0.48386365,82.091515,10.477345,True
Moldova,MDA,2003,7.40754,15.217332,0.5506859,100.92319,10.581059,True
Moldova,MDA,2004,10.6294,15.122306,0.5987756,102.554436,10.6847725,True
Moldova,MDA,2005,14.6303,15.112246,0.63911265,130.49565,10.7884865,True
Moldova,MDA,2006,19.6206,15.230724,0.68272555,105.17302,11.034244,True
Moldova,MDA,2007,20.45,15.350124,0.701047,115.85433,11.28,True
Moldova,MDA,2008,23.39,15.341061,0.7435182,95.160645,11.38,True
Moldova,MDA,2009,27.5,15.1615715,0.706711,46.767902,11.48,True
Moldova,MDA,2010,29.68,14.86377,0.74158704,48.561428,11.49,True
Moldova,MDA,2011,32.07,14.616844,0.771259,33.907795,11.56,True
Moldova,MDA,2012,34.65,14.516827,0.779396,32.513798,11.7,True
Moldova,MDA,2013,37.44,14.744505,0.86608934,23.430195,11.63,True
Moldova,MDA,2014,67.0,15.562141,0.88209474,23.444485,11.7,True
Moldova,MDA,2015,69.0,16.702728,0.88480926,22.567171,11.7,True
Moldova,MDA,2016,71.0,17.81904,0.9366864,32.463062,11.726666,True
Moldova,MDA,2017,49.9,18.85102,0.9740231,26.49546,11.753333,True
Moldova,MDA,2018,50.3,19.793823,0.99982965,33.983414,11.78,True
Moldova,MDA,2019,57.7605,20.768574,1.003491,31.904224,11.76,True
Moldova,MDA,2020,58.2153,21.734907,0.9341564,32.256474,11.8,True
Mexico,MEX,2001,7.03802,8.410011,1.2262658,5.3347135,6.8174996,True
Mexico,MEX,2002,11.9,8.596357,1.2041079,5.179785,6.975,True
Mexico,MEX,2003,12.9,8.779426,1.1859965,4.544637,7.1324997,True
Mexico,MEX,2004,14.1,8.951085,1.185019,5.412182,7.29,True
Mexico,MEX,2005,17.21,9.10366,1.179516,5.5192485,7.49,True
Mexico,MEX,2006,19.52,9.231139,1.1962311,5.3517985,7.87,True
Mexico,MEX,2007,20.81,9.316909,1.1871539,5.782613,7.88,True
Mexico,MEX,2008,21.71,9.373095,1.1597785,6.206156,7.95,True
Mexico,MEX,2009,26.34,9.429676,1.0677662,7.339304,8.14,True
Mexico,MEX,2010,31.05,9.496518,1.0938541,8.369719,8.01,True
Mexico,MEX,2011,37.1763,9.584414,1.0973867,9.241302,8.25,True
Mexico,MEX,2012,39.75,9.701438,1.0989242,11.077041,8.49,True
Mexico,MEX,2013,43.46,9.838497,1.0820383,10.224467,8.36,True
Mexico,MEX,2014,44.3857,9.991657,1.0873195,10.402035,8.4,True
Mexico,MEX,2015,57.431,10.1655445,1.0834529,11.265995,8.6,True
Mexico,MEX,2016,59.5404,10.357407,1.0712782,10.715628,8.6,True
Mexico,MEX,2017,53.0318,10.567999,1.0655593,10.810368,8.74,True
Mexico,MEX,2018,56.6596,10.799745,1.0583836,12.48257,8.93,True
Mexico,MEX,2019,69.6321,11.052409,1.0322597,10.376662,9.075,True
Mexico,MEX,2020,71.4902,11.245359,0.97714704,8.927511,9.22,True
Malaysia,MYS,2001,26.696,6.319062,0.99351245,11.518907,8.254,True
Malaysia,MYS,2002,32.3382,6.4159994,1.0005485,13.359623,8.088,True
Malaysia,MYS,2003,34.9712,6.5263734,1.015088,15.235253,7.922,True
Malaysia,MYS,2004,42.2523,6.631204,1.0436004,20.667725,7.756,True
Malaysia,MYS,2005,48.6292,6.7310357,1.0493604,20.204311,7.59,True
Malaysia,MYS,2006,51.638,6.8351884,1.060135,20.1,8.0825,True
Malaysia,MYS,2007,55.7,6.9491644,1.0768285,24.816296,8.575,True
Malaysia,MYS,2008,55.8,7.0725083,1.0928235,29.669868,9.0675,True
Malaysia,MYS,2009,55.9,7.210295,1.0361366,43.8759,9.56,True
Malaysia,MYS,2010,56.3,7.3689065,1.0468106,42.95818,9.7,True
Malaysia,MYS,2011,61.0,7.541337,1.029506,36.89728,9.8116665,True
Malaysia,MYS,2012,65.8,7.7219434,1.0363666,37.555416,9.923333,True
Malaysia,MYS,2013,57.0575,7.9122095,1.0222856,39.735847,10.035,True
Malaysia,MYS,2014,63.6654,8.11387,1.0258569,44.077206,10.146667,True
Malaysia,MYS,2015,71.0641,8.329556,1.0267708,40.726418,10.258333,True
Malaysia,MYS,2016,78.7883,8.562032,1.0303012,34.88553,10.37,True
Malaysia,MYS,2017,80.1405,8.817286,1.0404325,36.03699,10.463333,True
Malaysia,MYS,2018,81.201,9.093482,1.0495441,33.909668,10.556666,True
Malaysia,MYS,2019,84.1871,9.38079,1.0546637,32.02694,10.65,True
Malaysia,MYS,2020,89.555,9.693646,1.0111475,29.183031,10.796666,True
Netherlands,NLD,2001,49.3731,19.959654,1.0105941,131.49547,11.79,True
Netherlands,NLD,2002,61.29,20.040854,1.0047654,131.4019,11.79,True
Netherlands,NLD,2003,64.35,20.189667,1.0023718,141.01433,11.79,True
Netherlands,NLD,2004,68.52,20.44025,1.0100998,134.32193,11.79,True
Netherlands,NLD,2005,81.0,20.75938,1.0213836,135.84668,11.79,True
Netherlands,NLD,2006,83.7,21.0845,1.0325449,132.63101,11.89,True
Netherlands,NLD,2007,85.82,21.4165,1.0360395,126.909935,11.99,True
Netherlands,NLD,2008,87.42,21.80595,1.0342622,147.21269,11.91,True
Netherlands,NLD,2009,89.63,22.27141,0.9957888,155.77371,11.94,True
Netherlands,NLD,2010,90.72,22.741825,1.0054303,152.08788,11.98,True
Netherlands,NLD,2011,91.42,23.522175,1.0086426,154.85464,11.96,True
Netherlands,NLD,2012,92.86,24.599308,0.9966137,141.74905,12.02,True
Netherlands,NLD,2013,93.9564,25.544237,0.99400735,137.76128,12.07,True
Netherlands,NLD,2014,91.6667,26.360058,1.0003294,136.02129,12.09,True
Netherlands,NLD,2015,91.7241,27.04723,1.0006274,130.28395,12.14,True
Netherlands,NLD,2016,90.411,27.610636,1.0020374,134.46611,12.18,True
Netherlands,NLD,2017,93.1973,28.160875,1.006629,130.81322,12.25,True
Netherlands,NLD,2018,91.8919,28.718792,1.0039308,122.50732,12.32,True
Netherlands,NLD,2019,93.2886,29.247862,0.99967355,128.45294,12.45,True
Netherlands,NLD,2020,91.3333,29.775843,0.97685885,126.02127,12.58,True
Norway,NOR,2001,64.0,23.084692,1.1367395,263.41727,12.118571,True
Norway,NOR,2002,72.84,22.813568,1.1393756,259.57663,12.155714,True
Norway,NOR,2003,78.13,22.593538,1.1483206,236.37114,12.192857,True
Norway,NOR,2004,77.69,22.470774,1.1638982,248.69826,12.23,True
Norway,NOR,2005,81.99,22.3875,1.1628195,247.22649,12.28,True
Norway,NOR,2006,82.55,22.258133,1.1474845,240.09387,12.37,True
Norway,NOR,2007,86.93,22.126831,1.1251125,260.1317,12.41,True
Norway,NOR,2008,90.57,22.106438,1.0841409,241.18056,12.48,True
Norway,NOR,2009,92.08,22.283493,1.0526497,258.03906,12.5,True
Norway,NOR,2010,93.39,22.605616,1.0441921,228.46031,12.55,True
Norway,NOR,2011,93.49,23.031712,1.0320904,226.52534,12.61,True
Norway,NOR,2012,94.65,23.493149,1.0351732,201.05316,12.643333,True
Norway,NOR,2013,95.0534,23.908888,1.0266954,216.74837,12.676666,True
Norway,NOR,2014,96.3005,24.321003,1.0261819,215.29103,12.71,True
Norway,NOR,2015,96.8103,24.729593,1.0297369,222.21764,12.77,True
Norway,NOR,2016,97.2982,25.149141,1.0242983,234.40549,12.82,True
Norway,NOR,2017,96.3576,25.617922,1.0325161,218.30717,12.95,True
Norway,NOR,2018,96.4917,26.145607,1.0175184,203.69298,12.974999,True
Norway,NOR,2019,98.0,26.662819,1.0031459,178.94888,13.0,True
Norway,NOR,2020,94.6076,27.21695,0.987697,163.58473,13.058847,True
New Zealand,NZL,2001,53.241,18.023376,0.9853896,455.6114,13.07,True
New Zealand,NZL,2002,59.0808,17.967327,0.99813193,465.7465,13.12,True
New Zealand,NZL,2003,60.9625,17.881405,1.0082021,458.13467,13.17,True
New Zealand,NZL,2004,61.8476,17.902262,0.9905887,399.0214,13.219999,True
New Zealand,NZL,2005,62.7202,18.080782,0.98588294,457.92108,13.2699995,True
New Zealand,NZL,2006,69.0,18.37069,0.98306584,514.50555,13.32,True
New Zealand,NZL,2007,69.76,18.66763,0.99804,447.93787,13.334,True
New Zealand,NZL,2008,72.03,18.931587,0.9695827,294.84952,13.348,True
New Zealand,NZL,2009,79.7,19.225164,0.9988312,361.4094,13.362,True
New Zealand,NZL,2010,80.46,19.610893,0.99089843,364.3092,13.376,True
New Zealand,NZL,2011,81.23,20.142113,0.99558264,342.38138,13.39,True
New Zealand,NZL,2012,81.6445,20.830639,1.0117751,323.26852,13.38,True
New Zealand,NZL,2013,82.78,21.493074,0.99088997,363.34167,13.33,True
New Zealand,NZL,2014,84.0,21.931553,0.9847305,362.2274,13.28,True
New Zealand,NZL,2015,85.2,22.181374,0.99343234,256.8664,13.23,True
New Zealand,NZL,2016,86.5,22.387821,0.99588275,228.03929,13.33,True
New Zealand,NZL,2017,87.7,22.619339,0.9922823,210.65315,13.2325,True
New Zealand,NZL,2018,89.0,22.924362,0.99596447,207.5256,13.134999,True
New Zealand,NZL,2019,89.8637,23.330046,0.9849085,65.18721,13.037499,True
New Zealand,NZL,2020,95.2342,23.878351,0.9757652,68.606575,12.94,True
Peru,PER,2001,7.57876,7.3711557,0.94965583,1.3350837,8.422728,True
Peru,PER,2002,8.96695,7.7599745,0.97571087,1.0627297,8.481818,True
Peru,PER,2003,11.6,8.202511,0.988633,1.1602404,8.54091,True
Peru,PER,2004,14.1,8.667376,1.0038218,1.3643452,8.6,True
Peru,PER,2005,17.1,9.164216,1.0288891,0.96081376,7.92,True
Peru,PER,2006,20.7,9.695878,1.0625901,1.3769003,7.93,True
Peru,PER,2007,25.2,10.234971,1.0950453,0.981399,8.19,True
Peru,PER,2008,30.57,10.671273,1.1251093,1.0794232,8.19,True
Peru,PER,2009,31.4,10.998059,1.088076,1.2804182,8.22,True
Peru,PER,2010,34.77,11.311279,1.1131788,1.3408504,8.87,True
Peru,PER,2011,36.01,11.610255,1.1119522,1.3308724,8.89,True
Peru,PER,2012,38.2,11.9078665,1.1062382,1.8273885,9.08,True
Peru,PER,2013,39.2,12.207038,1.106419,2.4481924,9.14,True
Peru,PER,2014,40.2447,12.490186,1.0778058,2.756026,9.15,True
Peru,PER,2015,40.8526,12.724693,1.0681607,2.1997793,9.09,True
Peru,PER,2016,45.4617,12.854231,1.0753838,2.3326263,9.3133335,True
Peru,PER,2017,50.4504,12.956845,1.0667427,3.1923754,9.536667,True
Peru,PER,2018,55.0543,13.037872,1.0723702,2.79018,9.76,True
Peru,PER,2019,59.9505,13.12161,1.0559623,4.2219706,9.889816,True
Peru,PER,2020,65.2518,13.230845,0.92211074,3.8064985,10.021359,True
Philippines,PHL,2001,2.52401,5.1909833,0.8910137,1.6584463,7.8375,True
Philippines,PHL,2002,4.33228,5.2277665,0.89334476,1.793692,8.1050005,True
Philippines,PHL,2003,4.85767,5.26536,0.9021377,1.6640735,8.3725,True
Philippines,PHL,2004,5.24363,5.301024,0.9225176,1.82882,8.64,True
Philippines,PHL,2005,5.39764,5.3341703,0.9386766,2.3859308,8.6575,True
Philippines,PHL,2006,5.74059,5.371902,0.95915264,2.49137,8.675,True
Philippines,PHL,2007,5.97,5.4039407,0.9741935,2.4704864,8.6925,True
Philippines,PHL,2008,6.22,5.432579,0.9787777,2.3301198,8.71,True
Philippines,PHL,2009,9.0,5.457768,0.96039444,1.822338,8.81,True
Philippines,PHL,2010,25.0,5.4726176,0.974676,1.7646364,8.91,True
Philippines,PHL,2011,29.0,5.504637,0.9774223,1.8931565,8.99,True
Philippines,PHL,2012,30.8,5.56004,1.0032474,1.6171616,9.07,True
Philippines,PHL,2013,32.7,5.656856,1.0216467,2.1552498,9.15,True
Philippines,PHL,2014,34.7,5.813592,1.0525454,3.2187457,8.907499,True
Philippines,PHL,2015,36.9,6.0139174,1.0690273,3.5608141,8.665,True
Philippines,PHL,2016,39.2,6.2371874,1.0462916,3.0636418,8.422501,True
Philippines,PHL,2017,41.6,6.4801393,1.0791728,2.9874299,8.18,True
Philippines,PHL,2018,44.1,6.7508698,1.0701973,4.832582,8.575,True
Philippines,PHL,2019,43.0266,7.038333,1.0688738,4.5214696,8.97,True
Philippines,PHL,2020,53.7649,7.3156786,1.0484571,4.2469187,8.89,True
Poland,POL,2001,9.90067,18.113104,0.83407277,57.57152,11.346419,True
Poland,POL,2002,21.15,18.31839,0.85410553,60.501648,11.45,True
Poland,POL,2003,24.87,18.491064,0.8743385,59.364624,11.57,True
Poland,POL,2004,32.53,18.662664,0.89560664,62.358864,11.69,True
Poland,POL,2005,38.81,18.82846,0.8956841,53.137074,11.809999,True
Poland,POL,2006,44.58,18.949755,0.9087642,56.55292,11.93,True
Poland,POL,2007,48.6,18.999228,0.9157017,62.74829,12.05,True
Poland,POL,2008,53.13,19.009167,0.90757436,65.25772,12.17,True
Poland,POL,2009,58.97,18.994621,0.9148968,75.98632,12.34,True
Poland,POL,2010,62.32,19.014074,0.9322178,84.19466,12.31,True
Poland,POL,2011,61.95,19.2705,0.94966483,101.90931,12.55,True
Poland,POL,2012,62.31,19.792955,0.93966705,115.86005,12.78,True
Poland,POL,2013,62.8492,20.470629,0.93150693,111.38218,12.78,True
Poland,POL,2014,66.5987,21.241848,0.9354475,103.678505,12.84,True
Poland,POL,2015,67.997,22.104797,0.94296414,123.09665,12.92,True
Poland,POL,2016,73.3007,23.062853,0.94825387,112.21992,13.0,True
Poland,POL,2017,75.9854,24.080751,0.97974,103.33161,13.04,True
Poland,POL,2018,77.5417,25.120308,1.0247386,110.78414,13.08,True
Poland,POL,2019,80.4359,26.177345,1.0315663,102.38249,13.12,True
Poland,POL,2020,83.1849,27.18558,0.9867752,106.88844,13.16,True
Portugal,PRT,2001,18.0871,24.307995,1.0688792,10.325473,6.88,True
Portugal,PRT,2002,19.37,24.684626,1.0627143,12.47645,6.96,True
Portugal,PRT,2003,29.67,25.035105,1.0515132,11.951634,7.15,True
Portugal,PRT,2004,31.78,25.445328,1.0624914,11.732319,7.39,True
Portugal,PRT,2005,34.99,25.836119,1.0631975,15.042849,7.49,True
Portugal,PRT,2006,38.01,26.158201,1.0635126,17.48669,7.62,True
Portugal,PRT,2007,42.09,26.47226,1.0641646,23.712498,7.67,True
Portugal,PRT,2008,44.13,26.849037,1.0502508,36.085773,7.78,True
Portugal,PRT,2009,48.27,27.331873,1.0206152,54.029774,7.93,True
Portugal,PRT,2010,53.3,27.915682,1.032594,47.19524,8.06,True
Portugal,PRT,2011,55.25,28.52845,1.0309303,54.084465,8.28,True
Portugal,PRT,2012,60.34,29.134789,1.0185959,59.059364,8.5,True
Portugal,PRT,2013,62.0956,29.90013,1.0194643,61.870686,8.66,True
Portugal,PRT,2014,64.5924,30.76334,1.010675,69.415985,8.87,True
Portugal,PRT,2015,68.6329,31.563845,1.0097606,89.3023,8.99,True
Portugal,PRT,2016,70.4236,32.375095,1.0108438,70.118,9.11,True
Portugal,PRT,2017,73.7912,33.228592,1.0182024,62.52245,9.22,True
Portugal,PRT,2018,74.661,34.050953,1.0189286,64.27571,9.14,True
Portugal,PRT,2019,75.3464,34.908253,1.0285907,68.343575,9.33,True
Portugal,PRT,2020,78.2617,35.798355,0.9871529,67.49486,9.58,True
Romania,ROU,2001,4.53867,20.260132,0.7093606,50.966995,9.581,True
Romania,ROU,2002,6.58,20.659792,0.77332324,68.015015,9.68,True
Romania,ROU,2003,8.9,21.015661,0.7981085,40.835575,9.862,True
Romania,ROU,2004,15.0,21.330164,0.8525126,43.679424,10.044001,True
Romania,ROU,2005,21.5,21.587446,0.878024,42.96499,10.226,True
Romania,ROU,2006,24.66,21.83447,0.9127614,38.40753,10.408,True
Romania,ROU,2007,28.3,22.095177,0.91420805,39.601624,10.59,True
Romania,ROU,2008,32.42,22.37711,0.9372674,48.447075,10.67,True
Romania,ROU,2009,36.6,22.763,0.8740215,51.74914,10.7,True
Romania,ROU,2010,39.93,23.152311,0.84081805,68.25746,10.73,True
Romania,ROU,2011,40.01,23.5529,0.86268646,70.67864,10.86,True
Romania,ROU,2012,45.88,23.924541,0.863591,50.95215,10.96,True
Romania,ROU,2013,49.7645,24.257172,0.8518958,49.690514,11.02,True
Romania,ROU,2014,54.0783,24.86005,0.8660811,47.81762,10.86,True
Romania,ROU,2015,55.7632,25.631544,0.8786381,49.203617,10.98,True
Romania,ROU,2016,59.504,26.338226,0.8834964,51.009357,11.08,True
Romania,ROU,2017,63.7473,27.026306,0.92964464,56.05268,11.15,True
Romania,ROU,2018,70.6813,27.72795,0.9667718,56.485657,11.215,True
Romania,ROU,2019,73.6575,28.461214,0.97613055,45.478836,11.28,True
Romania,ROU,2020,78.4553,29.302467,0.9417909,42.407963,11.39,True
Russia,RUS,2001,2.94437,17.776571,0.65116113,169.73282,12.119328,True
Russia,RUS,2002,4.12827,18.061016,0.6815169,163.1861,12.18,True
Russia,RUS,2003,8.29886,18.497458,0.72423065,172.61832,12.200001,True
Russia,RUS,2004,12.8594,18.969292,0.76905435,159.54347,12.22,True
Russia,RUS,2005,15.2267,19.335794,0.8050307,164.74495,12.240001,True
Russia,RUS,2006,18.0233,19.534288,0.8523561,194.92534,12.26,True
Russia,RUS,2007,24.66,19.409414,0.89783424,192.60515,12.280001,True
Russia,RUS,2008,32.0,18.849857,0.9207132,194.13998,12.3,True
Russia,RUS,2009,42.55,18.150467,0.853903,179.2761,12.32,True
Russia,RUS,2010,49.0,17.6028,0.87553215,201.0648,12.34,True
Russia,RUS,2011,58.0,17.48184,0.8997101,185.25615,12.346364,True
Russia,RUS,2012,66.0,17.755112,0.92281204,200.17653,12.352727,True
Russia,RUS,2013,67.97,18.131336,0.93332624,200.02693,12.359091,True
Russia,RUS,2014,70.5176,18.707947,0.9355885,166.89174,12.365455,True
Russia,RUS,2015,70.0992,19.435312,0.92304164,202.35658,12.371819,True
Russia,RUS,2016,73.0914,20.117971,0.92314106,184.7734,12.378181,True
Russia,RUS,2017,76.0081,20.842587,0.9374603,156.7657,12.384545,True
Russia,RUS,2018,80.8647,21.57574,0.9589516,171.43277,12.390909,True
Russia,RUS,2019,82.6422,22.374048,0.97948176,160.44325,12.397273,True
Russia,RUS,2020,84.9947,23.131203,0.9813726,163.57861,12.403636,True
Singapore,SGP,2001,41.6704,8.455711,0.8901526,126.63086,9.634001,True
Singapore,SGP,2002,47.0,8.575107,0.8960002,149.42708,9.793,True
Singapore,SGP,2003,53.8379,8.7552,0.9222709,152.1328,9.952001,True
Singapore,SGP,2004,62.0,9.030586,0.98253685,153.8401,10.111,True
Singapore,SGP,2005,61.0,9.295442,1.0086778,133.38766,10.27,True
Singapore,SGP,2006,59.0,9.412496,1.02544,142.2286,10.11,True
Singapore,SGP,2007,69.9,9.320894,1.0302621,151.68028,10.21,True
Singapore,SGP,2008,69.0,9.209592,0.97908473,163.86342,10.49,True
Singapore,SGP,2009,69.0,9.253901,0.9398937,150.37373,10.5,True
Singapore,SGP,2010,71.0,9.329958,1.0011513,176.29451,10.94,True
Singapore,SGP,2011,71.0,9.484648,1.0162816,203.71596,11.0,True
Singapore,SGP,2012,72.0,9.856733,1.0067334,203.48477,11.02,True
Singapore,SGP,2013,80.9021,10.356663,0.99983215,211.69952,11.15,True
Singapore,SGP,2014,79.0292,10.903489,0.9946932,238.22043,11.22,True
Singapore,SGP,2015,79.013,11.47418,0.99081486,265.4019,11.37,True
Singapore,SGP,2016,84.4523,12.092677,0.99670494,285.5215,11.38,True
Singapore,SGP,2017,84.4523,12.822361,1.014691,286.69412,11.34,True
Singapore,SGP,2018,88.1656,13.56525,1.0199966,279.3209,11.56,True
Singapore,SGP,2019,88.9493,14.270598,0.9983749,302.79288,11.68,True
Singapore,SGP,2020,92.0043,15.175927,0.9675801,312.70847,11.76,True
Slovakia,SVK,2001,12.5283,16.364992,0.68347317,45.73454,10.26,True
Slovakia,SVK,2002,40.14,16.326517,0.70888036,48.16891,10.484,True
Slovakia,SVK,2003,43.04,16.314468,0.73909277,39.08159,10.708,True
Slovakia,SVK,2004,52.89,16.342758,0.7557946,40.020252,10.932,True
Slovakia,SVK,2005,55.19,16.419855,0.77297205,28.84898,11.156,True
Slovakia,SVK,2006,56.08,16.525919,0.81556404,35.919983,11.38,True
Slovakia,SVK,2007,61.8,16.650959,0.86851746,44.468243,11.604,True
Slovakia,SVK,2008,66.05,16.79741,0.87875617,31.045319,11.828,True
Slovakia,SVK,2009,70.0,17.016619,0.83338857,32.674847,12.052,True
Slovakia,SVK,2010,75.71,17.262302,0.8751201,43.40223,12.276,True
Slovakia,SVK,2011,74.44,17.543333,0.86873657,41.4939,12.5,True
Slovakia,SVK,2012,76.71,17.999243,0.8788935,31.067507,12.38,True
Slovakia,SVK,2013,77.8826,18.608278,0.8821129,33.989773,12.44,True
Slovakia,SVK,2014,79.9843,19.290087,0.8929375,38.939594,12.44,True
Slovakia,SVK,2015,77.6347,20.059158,0.90757215,42.03694,12.64,True
Slovakia,SVK,2016,80.4759,20.962399,0.90502113,40.5097,12.71,True
Slovakia,SVK,2017,81.6257,21.943811,0.91692823,33.644455,12.77,True
Slovakia,SVK,2018,80.4489,22.925934,0.9341774,39.84012,12.87,True
Slovakia,SVK,2019,82.8537,23.924084,0.9412707,37.769424,12.91,True
Slovakia,SVK,2020,89.9209,24.87271,0.95729375,37.737045,13.006243,True
Sweden,SWE,2001,51.7657,26.668783,0.90078706,441.3239,11.63,True
Sweden,SWE,2002,70.57,26.522966,0.91862077,376.24826,11.8133335,True
Sweden,SWE,2003,79.13,26.423885,0.9327918,337.67834,11.996667,True
Sweden,SWE,2004,83.89,26.422585,0.95500624,307.77676,12.18,True
Sweden,SWE,2005,84.83,26.431507,0.9698268,279.3045,12.26,True
Sweden,SWE,2006,87.76,26.415133,0.99038035,269.3683,12.33,True
Sweden,SWE,2007,82.01,26.528778,0.9879911,276.23245,12.4,True
Sweden,SWE,2008,90.0,26.865084,0.9572048,276.4751,12.07,True
Sweden,SWE,2009,91.0,27.390575,0.92705965,235.09131,12.14,True
Sweden,SWE,2010,90.0,28.042326,0.95724076,234.16193,12.21,True
Sweden,SWE,2011,92.77,28.77752,0.96420395,212.08116,12.28,True
Sweden,SWE,2012,93.18,29.516397,0.95299095,240.35194,12.34,True
Sweden,SWE,2013,94.7836,30.202118,0.9541102,242.90707,12.23,True
Sweden,SWE,2014,92.5236,30.80107,0.9585196,204.61813,12.29,True
Sweden,SWE,2015,90.6102,31.257685,0.9795555,207.97646,12.35,True
Sweden,SWE,2016,89.6509,31.506044,0.97429657,204.77502,12.41,True
Sweden,SWE,2017,93.0063,31.640379,0.97047293,198.05725,12.49,True
Sweden,SWE,2018,89.247,31.810669,0.96717364,180.63503,12.549999,True
Sweden,SWE,2019,94.4934,32.00432,0.9832028,175.3108,12.61,True
Sweden,SWE,2020,94.5394,32.212677,0.97329056,170.37813,12.674995,True
Thailand,THA,2001,5.55633,9.158158,0.87664807,8.389481,6.0482826,True
Thailand,THA,2002,7.53125,9.512364,0.90197974,9.569536,6.432188,True
Thailand,THA,2003,9.29903,9.874394,0.93419284,12.363538,6.816094,True
Thailand,THA,2004,10.6773,10.247482,0.9486435,12.512978,7.2,True
Thailand,THA,2005,15.026,10.615568,0.95316976,13.496438,7.085,True
Thailand,THA,2006,17.1607,10.937228,0.96237206,15.623196,6.97,True
Thailand,THA,2007,20.03,11.204862,0.9778127,14.082955,7.1299996,True
Thailand,THA,2008,18.2,11.454703,0.9569881,13.339282,7.29,True
Thailand,THA,2009,20.1,11.721707,0.9273831,15.046738,7.4500003,True
Thailand,THA,2010,22.4,12.0249815,0.97168493,17.702097,7.61,True
Thailand,THA,2011,23.6699,12.369516,0.95996594,13.433379,7.71,True
Thailand,THA,2012,26.46,12.769529,0.99647015,14.689766,7.81,True
Thailand,THA,2013,28.94,13.245052,0.99910414,22.506943,7.91,True
Thailand,THA,2014,34.8861,13.796785,0.9916634,14.327144,8.046666,True
Thailand,THA,2015,39.3161,14.412917,1.0054526,14.587304,8.183333,True
Thailand,THA,2016,47.505,15.068735,1.0239727,15.495378,8.32,True
Thailand,THA,2017,52.8919,15.764427,1.0500381,13.757693,8.344999,True
Thailand,THA,2018,56.8175,16.515951,1.0691534,12.665308,8.37,True
Thailand,THA,2019,66.6524,17.317299,1.0662005,12.094135,8.7,True
Thailand,THA,2020,77.8437,18.162891,1.0062424,12.046093,8.8133335,True
Turkey,TUR,2001,5.18948,9.278066,0.94814503,5.087167,5.553029,True
Turkey,TUR,2002,11.38,9.481492,0.9863563,6.1746078,5.6553526,True
Turkey,TUR,2003,12.33,9.6898575,1.0107949,7.2090154,5.7576766,True
Turkey,TUR,2004,14.58,9.902761,1.0443985,9.942761,5.86,True
Turkey,TUR,2005,15.46,10.1195135,1.0556427,13.3853445,5.97,True
Turkey,TUR,2006,18.24,10.335599,1.0497439,15.304371,6.06,True
Turkey,TUR,2007,28.63,10.545346,1.0423273,25.79887,6.14,True
Turkey,TUR,2008,34.37,10.6621275,0.997232,31.258938,6.4,True
Turkey,TUR,2009,36.4,10.696919,0.9283864,35.466797,6.57,True
Turkey,TUR,2010,39.82,10.750502,0.9460673,43.476982,7.09,True
Turkey,TUR,2011,43.0657,10.805995,0.9758097,52.341824,7.36,True
Turkey,TUR,2012,45.13,10.86427,0.9658712,58.981724,7.49,True
Turkey,TUR,2013,46.25,10.949726,0.989882,57.67744,7.63,True
Turkey,TUR,2014,51.0374,11.029984,0.98369116,61.75024,7.8,True
Turkey,TUR,2015,53.745,11.113739,0.9849239,68.42373,7.96,True
Turkey,TUR,2016,58.3477,11.291841,0.967963,78.58426,8.1,True
Turkey,TUR,2017,64.6846,11.555732,0.98114944,101.789635,8.27,True
Turkey,TUR,2018,71.0428,11.888146,0.9674224,87.90377,8.45,True
Turkey,TUR,2019,73.9767,12.433345,0.95710737,95.314285,8.63,True
Turkey,TUR,2020,77.6696,13.125806,0.9984503,94.981476,8.806321,True
Ukraine,UKR,2001,1.23876,19.721054,0.64821255,146.78195,10.94,True
Ukraine,UKR,2002,1.87389,20.276207,0.6859789,32.890087,11.03746,True
Ukraine,UKR,2003,3.14813,20.988487,0.75288707,33.84033,11.134922,True
Ukraine,UKR,2004,3.48948,21.586117,0.8370205,85.24473,11.232383,True
Ukraine,UKR,2005,3.74976,21.911177,0.8505451,74.350296,11.3298435,True
Ukraine,UKR,2006,4.50612,22.089334,0.9024759,73.47919,11.366391,True
Ukraine,UKR,2007,6.55,22.230085,0.96080875,73.09383,11.40294,True
Ukraine,UKR,2008,11.0,21.881527,0.97164774,60.338528,11.439487,True
Ukraine,UKR,2009,17.9,21.4063,0.85092175,52.205173,11.476035,True
Ukraine,UKR,2010,23.3,20.982403,0.85341185,55.0198,11.512583,True
Ukraine,UKR,2011,28.7083,20.538797,0.907549,57.20412,11.443548,True
Ukraine,UKR,2012,35.27,20.566494,0.91058457,53.906017,11.374514,True
Ukraine,UKR,2013,40.9541,20.653574,0.9122001,61.916325,11.305478,True
Ukraine,UKR,2014,46.236,20.96751,0.9059572,53.445133,11.2364435,True
Ukraine,UKR,2015,48.8846,21.709833,0.87822425,49.60151,11.167409,True
Ukraine,UKR,2016,53.001,22.42499,0.8994556,48.95123,11.1592865,True
Ukraine,UKR,2017,58.8895,23.227373,0.9226507,50.246456,11.151165,True
Ukraine,UKR,2018,62.5532,23.944244,0.94352865,46.60586,11.1430435,True
Ukraine,UKR,2019,70.1248,24.59705,0.96356934,46.644096,11.134922,True
Ukraine,UKR,2020,75.0379,25.260464,0.9579663,30.461046,11.1268,True
United States,USA,2001,49.0808,18.144377,0.8804558,622.9205,12.925,True
United States,USA,2002,58.7854,18.056253,0.8918686,640.57324,12.889999,True
United States,USA,2003,61.6971,17.995415,0.9071843,651.2783,12.855,True
United States,USA,2004,64.7583,17.961256,0.92198473,647.31067,12.82,True
United States,USA,2005,67.9681,17.941292,0.9304333,703.4021,12.83,True
United States,USA,2006,68.9312,17.9841,0.9287671,743.294,12.91,True
United States,USA,2007,75.0,18.166191,0.9277423,801.20184,12.95,True
United States,USA,2008,74.0,18.444536,0.92328435,761.56726,12.99,True
United States,USA,2009,71.0,18.739216,0.9250186,733.158,13.01,True
United States,USA,2010,71.69,19.014416,0.94047564,782.1397,13.05,True
United States,USA,2011,69.7295,19.37694,0.93827647,794.4793,13.1,True
United States,USA,2012,74.7,19.901976,0.93969107,855.0702,13.14,True
United States,USA,2013,71.4,20.454966,0.9419338,908.7689,13.2,True
United States,USA,2014,73.0,20.979565,0.9439912,892.9969,13.22,True
United States,USA,2015,74.5542,21.491934,0.94880164,895.9647,13.25,True
United States,USA,2016,85.5444,22.0099,0.94840974,910.51013,13.34,True
United States,USA,2017,87.2749,22.56619,0.95337814,899.866,13.41329,True
United States,USA,2018,88.4989,23.169268,0.9582012,867.79095,13.5,True
United States,USA,2019,89.4303,23.821184,0.9642665,863.3869,13.59,True
United States,USA,2020,90.3447,24.496876,0.97307754,813.04016,13.68,True
South Africa,ZAF,2001,6.34662,7.8757105,0.99319965,20.308283,7.67,True
South Africa,ZAF,2002,6.71032,7.880924,1.0165523,20.470886,8.52,True
South Africa,ZAF,2003,7.00769,7.8935313,1.0618509,19.010174,8.76,True
South Africa,ZAF,2004,8.42512,7.9267135,1.0727559,19.51362,8.82,True
South Africa,ZAF,2005,7.48854,7.979546,1.0907042,20.266706,8.9,True
South Africa,ZAF,2006,7.60714,8.022424,1.0634682,17.320597,8.95,True
South Africa,ZAF,2007,8.06538,8.050721,1.0744199,18.108562,9.08,True
South Africa,ZAF,2008,8.43,8.07014,1.0604687,16.82494,9.22,True
South Africa,ZAF,2009,10.0,8.061635,1.0352073,15.890655,9.6,True
South Africa,ZAF,2010,24.0,8.026019,1.0549344,15.684686,9.67,True
South Africa,ZAF,2011,33.97,7.982239,1.0396868,12.378478,9.69,True
South Africa,ZAF,2012,41.0,7.9693813,1.0422217,11.304778,9.93,True
South Africa,ZAF,2013,46.5,8.004917,1.0383126,11.668144,10.04,True
South Africa,ZAF,2014,49.0,8.053227,1.0328304,14.425799,10.15,True
South Africa,ZAF,2015,51.9191,8.091532,1.0034618,15.672506,10.23,True
South Africa,ZAF,2016,54.0,8.262536,0.9941757,12.294892,10.184999,True
South Africa,ZAF,2017,56.1674,8.506445,0.99501264,12.631178,10.14,True
South Africa,ZAF,2018,62.4,8.695809,0.97401124,11.209117,10.755,True
South Africa,ZAF,2019,69.6969,8.913764,0.9493873,9.515357,11.37,True
South Africa,ZAF,2020,72.1128,9.1222725,0.9961099,8.94945,10.55466,True
Zambia,ZMB,2001,0.23313,4.604847,0.8812737,0.5811034,5.48153,True
Zambia,ZMB,2002,0.477751,4.457045,0.89719206,0.2817444,5.5725784,True
Zambia,ZMB,2003,0.980483,4.3202314,0.9273824,0.27313462,5.6636267,True
Zambia,ZMB,2004,1.1,4.1889973,0.9615808,0.08819744,5.754675,True
Zambia,ZMB,2005,1.3,4.060283,0.99883515,0.42666414,5.845723,True
Zambia,ZMB,2006,1.6,3.9342015,1.041079,0.32977307,5.9367714,True
Zambia,ZMB,2007,1.9,3.8155973,1.0872425,1.5121267,6.0278196,True
Zambia,ZMB,2008,2.2,3.7069614,1.1250632,1.9967247,6.118868,True
Zambia,ZMB,2009,2.5,3.6116698,1.1885618,0.6671416,6.209916,True
Zambia,ZMB,2010,3.0,3.5309348,1.271457,0.35802272,6.3009644,True
Zambia,ZMB,2011,3.5,3.466363,1.2742832,0.20778795,6.3920126,True
Zambia,ZMB,2012,4.1,3.4112215,1.3095355,0.46936932,6.4830604,True
Zambia,ZMB,2013,4.8,3.3534827,1.2847432,0.8442108,6.5741086,True
Zambia,ZMB,2014,6.5,3.3000994,1.2495524,0.88076264,6.665157,True
Zambia,ZMB,2015,8.8,3.273204,1.1807194,1.2195799,6.756205,True
Zambia,ZMB,2016,10.3,3.2645438,1.1422778,0.8868171,6.8472533,True
Zambia,ZMB,2017,12.2,3.2614567,1.1128565,0.6880213,6.9383016,True
Zambia,ZMB,2018,14.3,3.266997,1.1070703,0.61200976,7.02935,True
Zambia,ZMB,2019,18.7,3.2811344,1.0420272,0.108027294,7.1571217,True
Zambia,ZMB,2020,24.5,3.2959578,0.9814598,0.8919486,7.284893,True
